<?xml version="1.0" encoding="UTF-8"?>
<!DOCTYPE topic SYSTEM "../../../../lib/pkp/dtd/helpTopic.dtd">

<!--
  * 000011.xml
  *
  * Copyright (c) 2005-2012 Alec Smecher and John Willinsky
  * Distributed under the GNU GPL v2. For full terms see the file docs/COPYING.
  *
  * Plugins Help Page 
  *
  -->

<topic id="admin/topic/000011" locale="ar_IQ" title="Plugins" toc="admin/toc/000000" key="admin.plugins">
	<section>
	  <![CDATA[<p>صفحة الإضافات تتيح للمشرف على الموقع معاينة الإضافات وتهيئتها حيث أنها مبوبة ضمن فئات مختلفة. </p>
	<ul>
	<li><strong>الكتل</strong> الإضافات التي تقدم عناصر التنقل والعرض إلى الشريط الجانبي، مثل معلومات المستخدم الحالي.</li> 				
	<li><strong>إضافات عامة</strong> الإضافات ذات طابع الاستخدام العام والتي من الأفضل عدم وضعها ضمن أي من الفئات الأخرى.</li>
	<li><strong>Harvester</strong> الإضافات المعنية ببروتوكولات الحصاد المختلفة، مثل مبادرة الأرشيف المفتوح OAI.</li>
	<li><strong>المعالجات</strong> الإضافات التي تعالج البيانات المحصودة قبيل إيداعها في المستودع.<li>
	<li><strong>المخطط</strong> الإضافات التي تقوم بتوسعة أداء البيانات الوصفية للمستودعات.</li>
	<li><strong>الأنماط</strong> الإضافات المستعملة لتغغير مظهر المستودع.</li>
  </ul>
	  <p>ملفات المساعدة والتوثيق الخاصة بكل إضافة يمكن العثور عليها عادة ضمن الإضافة نفسها: على سبيل المثال، يمكن الحصول على المساعدة بشأن إضافة حظر عناوين IP في <em>plugins/generic/ipban/README</em>. يمكنك ترقية الإضافات أو إزالتها بشكل فردي عبر صفحة الإضافات، كما يمكنك تنصيب المزيد منها. لطفاً، لاحظ أن تنصيب الإضافات أو ترقيتها يتطلب الحصول عليها مضغوطة بصيغة ملف tar.gz.</p>]]>
	</section>
</topic>
