<?xml version="1.0" encoding="UTF-8"?>
<!DOCTYPE topic SYSTEM "../../../../lib/pkp/dtd/helpTopic.dtd">

<!--
  * 000012.xml
  *
  * Copyright (c) 2005-2012 Alec Smecher and John Willinsky
  * Distributed under the GNU GPL v2. For full terms see the file docs/COPYING.
  *
  * Reading Tools Help Page 
  *
  -->

<topic id="admin/topic/000012" locale="ar_IQ" title="Reading Tools" toc="admin/toc/000000" key="admin.rtAdmin">
  <section>
    <![CDATA[<p>أدوات القراءة مصممة لمساعدة القراء المستجدين وذوي الخبرة عبر تقديم طيف واسع من المواد العلمية ذات الصلة من مصادر متنوعة ذات الوصول المفتوح. الأدوات تستعمل الكلمات المفتاحية للبحث تلقائياً في قواعد بيانات الوصول المفتوح ذات الصلة بالمحتوى المعني، حيث تقدم نتائج البحث إلى القارئ عبر نافذة أخرى. للقراء خيارات متعددة من الأدوات، وتلك الأخيرة تتضمن خيارات من قواعد البيانات مع إمكانية الحصول على معلومات إضافية عن تلك القواعد نفسها.</p>
    
    <p>يمتلك المشرف على الموقع القدرة على انتخاب المجموعة الإفتراضية من أدوات القراءة لكل المحفوظات، كما يمكنه تحديد مجموعة مخصصة منها لأرشيف معين. </p>
    
    <p>كذلك، يمكن للمشرف إنشاء نسخ خاصة من مجموعة أدوات القراءة، أو استيرادها من منصات أخرى تابعة إلى مشروع المعرفة العامة.</p>
    
    <p><strong>نسخة</strong> أداة القراءة هي ببساطة مجموعة قواعد البيانات، والتي عادة ما تكون متعلقة بأحد التخصصات العلمية. على سبيل المثال:علم الإدراك. <strong>البيانات الوصفية للنسخة</strong> تتضمن عنواناً ومفتاحاً ('<em>علم الإدراك</em>' و <em>علم_الإدراك</em>، على التوالي) إضافة إلى لغة النسخة (ولنقل إنها <em>ar_IQ</em>) مع وصف موجز.</p>
    
    <p>كل نسخة تحتوي على سلسلة من <strong>المضامين</strong>، وهي تجميعات من قواعد البيانات القابلة للبحث مرتبة حسب أنواعها. تجميعات المضامين قد تكون عامة نوعاً ما (تبحث في مجموعة معينة من قواعد البيانات عن <em>أعمال المؤلف</em>، أو عن <em>الدراسات ذات الصلة</em>، إلخ.)؛ أو قد تكون شديدة التخصص اعتماداً على ما تحتويه من قواعد البيانات (مثلاً، إذا كانت مجموعة قواعد البيانات مخصصة لـ <em>علم الإداك</em> والمجموعات المتعلقة به.) فلكل مضمون عنوان، ملخص، ووصف موجز.</p>
    
    <p><strong>مباحث</strong> المضمون هي محركات بحث عبر الإنترنت، ومجاميع مع قواعد بيانات علمية. عند إنشائها، لا بد أن تحتوي على عنوان (مثل <em>Google Scholar</em>)؛ رابط (<em>https://scholar.google.com</em>)؛ رابط البحث <em>https://scholar.google.com/scholar?ie=UTF-8&oe=UTF-8&hl=eng&as_sauthors={$formKeywords}</em>); بيانات المنشور، عند الضرورة؛ وقد تتضمن وصفاً أيضاً.</p>
    
    <p>يمكن استيراد النسخ والمضامين وتصديرها ما بين Harvester والأنظمة الأخرى المتوافقة معه (تنصيبات Harvester الأخرى فضلاً عن نظام المجلات المفتوحة ونظام المؤتمرات المفتوحة)؛ ويمكن التحقق من المباحث لضمان أنها تعمل بصورة صحيحة.</p>]]>
  </section>
</topic>
