<?xml version="1.0" encoding="UTF-8"?>
<!DOCTYPE topic SYSTEM "../../../../lib/pkp/dtd/helpTopic.dtd">

<!--
  * 000009.xml
  *
  * Copyright (c) 2005-2012 Alec Smecher and John Willinsky
  * Distributed under the GNU GPL v2. For full terms see the file docs/COPYING.
  *
  * Crosswalk Form Help Page 
  *
  -->

<topic id="admin/topic/000009" locale="ar_IQ" title="Crosswalk Administration" toc="admin/toc/000000" key="admin.crosswalkForm">
	<section>
		<![CDATA[<p>عند إنشاء معبر جديد أو تعديل أحد المعابر الموجودة، ستكون للمشرف فرصة اختيار الحقول التي يربطها ما بين صيغ البيانات الوصفية المتعددة. (للحصول على وصف عام للمعابر، أنظر {help_topic key="admin.crosswalks" text="Crosswalks"}.)</p>
		<p>معبر منفرد قد يربط عدة حقول ما بين تنسيقات متعددة من البيانات الوصفية. على سبيل المثال، ضمن مخطط MARC، معلومات المؤلف غالباً ما تتوزع على حقول متعددة؛ وتلك يمكن تجميعها في معبر واحد.</p>
		<p>ليس بالضرورة لأي معبر أن يدعم كل أنواع المخططات؛ إن كان أحد المعابر داعماً لعدد قليل من المخططات، سيتم عرضه عندما يكون ذو صلة (اعتماداً على المستودعات المنتخبة في صفحة البحث).</p>
		<p>المعابر قد تكون بنوعين: معابر البيانات أو معابر النصوص. لاحظ أن بعض الحقول تكون "مختلطة"، أي تحتوي نصوصاً وبيانات في نفس الوقت؛ وعندها، سيكون هذا الحقل قابل للتعاطي مع كلا النوعين من المعابر.</p>
		<p>مصفي المخطط لا يؤثر على المعبر الذي يجري تعديله؛ هو فقط يقنن قائمة الحقول الخاصة بذلك المخطط. عند تغيير قائمة الحقول المدعومة من قبل معبر ما، على المشرف حفظ التعديلات عبر زر "الحفظ" قبل اختيار مخطط آخر باستعمال مصفي المخطط.</p>
		<p>فضلاً عن تعريف نموذج البحث عند اختيار مططات متعددة، يمكن استعمال المعابر لفرز السجلات عند التصفح. لإضافة هذا المعبر إلى قائمة خيارات الفرز، استعمل خانة التأشير المعلمة بعبارة "السماح للمستخدمين بفرز السجلات باستعمال هذا المعبر عند عرضها". هذه الميزة لا يوصى بها عند استعمال المعابر التي لا تدعم كل الحقول، أو تلك التي تستعمل عدة حقول ضمن مخطط واحد.</p>
		<p>يمكن إضافة المعابر، حذفها أو تعديلها دون الحاجة إلى إعادة فهرسة المحتوى.</p>]]>
	</section>
</topic>
