<?xml version="1.0" encoding="UTF-8"?>
<!DOCTYPE topic SYSTEM "../../../../lib/pkp/dtd/helpTopic.dtd">

<!--
  * 000013.xml
  *
  * Copyright (c) 2005-2012 Alec Smecher and John Willinsky
  * Distributed under the GNU GPL v2. For full terms see the file docs/COPYING.
  *
  * Sort Orders Help Page 
  *
  -->

<topic id="admin/topic/000013" locale="ar_IQ" title="Sort Orders" toc="admin/toc/000000" key="admin.sortOrders">
	<section>
		<![CDATA[<p>يمكن للمشرف على الموقع إنشاء طريقة فرز مخصصة لكل أرشيف، مما يمكن إتاحتها لاحقاً للمستخدمين عبر نظام صفحة استعراض Harvester. يمكن إنشاء طرق فرز متعددة تتعامل مع حقول مختلفة من البيانات الوصفية هجائياً، رقمياً، أو حسب التواريخ.</p>]]>
	</section>
	<section title="Creating a Sort Order">
		 <![CDATA[<p>خيارات إعداد طريقة الفرز هي كما يأتي:</p>
		<ul>
		<li><strong>الاسم</strong>: طرق الفرز الجديدة لا بد من تسميتها. تلك التسمية ستظهر بشكل رابط قابل للنقر على صفحات معاينة المستودعات الفردية.</li>
		<li><strong>النوع</strong>: لا بد من تحديد نوعية الفرز. الخياات المتاحة هي <em>النص</em>، <em>الرقم</em>، و <em>التأريخ</em>، ولا بد لها أن تطابق نوع البيانات في المحتوى المزمع فرزه. النصوص سيتم فرزها هجائياً؛ الأرقام سيتم فرزها حسب القيمة العددية؛ والتواريخ ستحصل على الفرز على أساس القدم والحداثة. إذا ما تم اختيار الفرز على أساس العنوان مثلاً، <em>النص</em> سيكون هو الاختيار المنطقي.</li>
		<li><strong>الحقول</strong>: يمكن اختيار واحد من الحقول المتوفرة في المخطط للفرز على أساسه. لا يشترط أن يكون المخطط مدعوماً من قبل نظام Harvester (المخططات المتوافرة فقط ستظهر في قائمة الحقول): سجلات من هذا النوع لا بد أن تكون متوافرة من المستودعات محل السؤال. على سبيل المثال، إذا تم إنشاء فرز على أساس العنوان، سيكون منطقياً اختيار حقل العنوان لأي مخطط آخر ذو صلة (مثلاً، Dublin Core) والذي يدعمه النظام؛ ولكن ذلك مفهوم لو أن النظام يقوم بحصاد البيانات الوصفية الموثقة بصيغة Dublin Core من أي مزود بيانات.</li>
		</ul>]]>
	</section>
	<section title="Managing Sort Orders">
		<![CDATA[<p>يمكن إنشاء أي عدد من طرق الفرز. يمكن أيضاً تعديل طرق الفرز تلك أو حذفها عبر صفحة طرق الفرز. خانة تأشير الحالة تعرض فيما لو أن فهرس النظام قد أُعيد بناؤه منذ إنشاء طريقة الفرز: حيث أن إنشاء طريقة فرز جديدة لا يؤدي بالضرورة إلى إعادة بناء الفهرس، ما يعني أن من الأفضل المبادرة إلى تشغيل <em>tools/rebuildSearchIndex.php</em> بعد تعديل أو إنشاء طرق الفرز. المواد المفهرسة حديثاً من قبل النظام ستظهر في نتائج طرق الفرز المعدة مسبقاً عند ذلك.</p>]]>
	</section>
</topic>
