<?xml version="1.0" encoding="UTF-8"?>
<!DOCTYPE topic SYSTEM "../../../../lib/pkp/dtd/helpTopic.dtd">

<!--
  * 000014.xml
  *
  * Copyright (c) 2005-2012 Alec Smecher and John Willinsky
  * Distributed under the GNU GPL v2. For full terms see the file docs/COPYING.
  *
  * Users Help Page 
  *
  -->

<topic id="admin/topic/000014" locale="ar_IQ" title="Users" toc="admin/toc/000000" key="admin.Users">
  <section>
    <![CDATA[<p>إنها مسؤولية المشرف على الموقع بأن يقوم بإدارة مستخدمي نظام Harvester. يشمل ذلك إنشاء الحسابات وتعطيلها، تحديد الأدوار... إلخ. يمكن للمشرف استعراض ما يتوفر من تعيينات للمهام مع الإضافة عليها، تعديل الملفات التعريفية والاتصال بالمستخدمين بشكل مجموعات.</p>
    <p>يوجد حالياً دوران فقط في نظام Harvester: المشرف على الموقع، ولا يمكن منح هذا الدور لشخص آخر (وهو الشخص الذي قام أولاً بتنصيب منصة النظام)؛ ومدير الحفظ، وهو دور يمكن منحه إلى أي عدد من المستخدمين حسب الحاجة. يمتلك المشرف على الموقع كل صلاحيات مدير الحفظ.</p>

<p><em>كل المستخدمين</em>. هذه القائمة تضم كل المستخدمين المسجلين في نظام Harvester وبحجم استيعام معين. يمتلك المشرف على الموقع إمكانية تسجيل الدخول بصفة أي مستخدم مسجل فيه. هذا من شأنه أي يكون مفيداً جداً عند محاولة تقديم العون إلى أي مستخدم عن بعد، لأن ذلك يتيح للمشرف فرصة الوقوف العملي على ما يواجهه أي مستخدم آخر في الموقع من مشاكل وبالتالي، يسهل عليه إيجاد الحلول الملائمة.</p>

<p><em>إنشاء مستخدم</em>. يمكن للمشرف على الموقع استعمال رابط إنشاء مستخدم لتسجيل مستخدم جديد بمثابة مدير حفظ. يستطيع ذلك المستخدم، بعد دخوله إلى الموقع، إكمال أو تعديل ملفه التعريفي الذي بدأه المشرف على الموقع. </p>

<p><em>مديرو الحفظ</em>. هذه القائمة تضم كل مدراء الحفظ. على الرغم من أن المشرف على الموقع يمتلك كل صلاحيات مدير الحفظ، لكنه غير مدرج هنا. يمكن للمشرف تعيين مستخدم موجود أو إنشاء واحد جديد وتوكيله بمهام مدير الحفظ عبر هذه الصفحة.</p>

<p><em>تعديل كلمة المرور</em>. يمكن للمستخدمين تغيير كلمات مرورهم بمجرد دخولهم إلى المجلة. لا يمكن للمشرف على الموقع معاينة أي كلمة مرور بعد تعيينها. مع ذلك، سيقوم النظام بتوليد كلمة مرور جديدة وإرسالها عبر البريد الالكتروني إلى المستخدمين الذين ينقرون على رابط "هل نسيت كلمة مرورك؟" تحت مستطيل الولوج إلى الموقع.

<p><em>تعيين مستخدم موجود</em>. يمكن للمشرف على الموقع تكليف أحد مستخدمي النظام بدور معين.</p>]]>
  </section>
</topic>
