<?xml version="1.0" encoding="UTF-8"?>
<!DOCTYPE topic SYSTEM "../../../../lib/pkp/dtd/helpTopic.dtd">

<!--
  * 000008.xml
  *
  * Copyright (c) 2005-2012 Alec Smecher and John Willinsky
  * Distributed under the GNU GPL v2. For full terms see the file docs/COPYING.
  *
  * Crosswalks Help Page 
  *
  -->

<topic id="admin/topic/000008" locale="ar_IQ" title="Crosswalks" toc="admin/toc/000000" key="admin.crosswalks">
	<section>
		<![CDATA[<p>المعابر تستعمل لتمكين عمليات البحث من الامتداد ما بين صيغ متعددة من البيانات الوصفية. على سبيل المثال، إذا كان أرشيف ما محصود بصيغة Dublin Core وآخر محصود بصيغة MARC، سيقوم المعبر بربط الحقول ما بين المستودعين بشكل يسمح بالبحث فيهما معاً.</p><p>عموماً، المعابر تستعمل لتمميز الحقول التي تحتوي معلومات مثل العناوين وأسماء المؤلفين ضمن تنسيقات مختلفة من البيانات الوصفية.</p><p>نوعان من المعابر يتم دعمهما: معابر البيانات ومعابر النصوص.</p>
		<p>يتضمن نظام Harvester المقدم من مشروع المعرفة العامة عدة معابر إفتراضية؛ ولإعادة تعيين قائمة المعابر الحالية إلى المجموعة الإفتراضية، استعمل رابط "إعادة التعيين" عند أسفل قائمة المعابر. هذا من شأنه حذف كل المعابر الموجودة نهائياً؛ استعمله بحذر.</p>]]>
	</section>
</topic>
