<?xml version="1.0" encoding="UTF-8"?>
<!DOCTYPE schema SYSTEM "../../dtd/xmlSchema.dtd">

<!--
  * common.xml
  *
  * Copyright (c) 2000-2012 John Willinsky
  * Distributed under the GNU GPL v2. For full terms see the file docs/COPYING.
  *
  * Common elements of the PKP database schema in XML.
  *
  * $Id$
  -->

<schema version="0.2">
	<!--
	  *
	  * TABLE versions
	  *
	  -->
	<table name="versions">
		<field name="major" type="I4">
			<NOTNULL />
			<DEFAULT VALUE="0"/>
		</field>
		<field name="minor" type="I4">
			<NOTNULL />
			<DEFAULT VALUE="0"/>
		</field>
		<field name="revision" type="I4">
			<NOTNULL />
			<DEFAULT VALUE="0"/>
		</field>
		<field name="build" type="I4">
			<NOTNULL />
			<DEFAULT VALUE="0"/>
		</field>
		<field name="date_installed" type="T">
			<NOTNULL/>
		</field>
		<field name="current" type="I1">
			<NOTNULL/>
			<DEFAULT VALUE="0"/>
		</field>
		<field name="product_type" type="C2" size="30"/>
		<field name="product" type="C2" size="30"/>
		<field name="product_class_name" type="C2" size="80"/>
		<field name="lazy_load" type="I1">
			<NOTNULL/>
			<DEFAULT VALUE="0"/>
		</field>
		<descr>Installation and upgrade version history.</descr>
		<index name="versions_pkey">
			<col>product</col>
			<col>major</col>
			<col>minor</col>
			<col>revision</col>
			<col>build</col>
			<UNIQUE />
		</index>
	</table>

	<!--
	  *
	  * TABLE site
	  *
	  -->
	<table name="site">
		<field name="redirect" type="I8">
			<NOTNULL/>
			<DEFAULT VALUE="0"/>
			<descr>If not 0, redirect to the specified journal/conference/... site.</descr>
		</field>
		<field name="primary_locale" type="C2" size="5">
			<NOTNULL/>
			<descr>Primary locale for the site.</descr>
		</field>
		<field name="min_password_length" type="I1">
			<NOTNULL/>
			<DEFAULT VALUE="6"/>
		</field>
		<field name="installed_locales" type="C2" size="255">
			<NOTNULL/>
			<DEFAULT VALUE="en_US"/>
			<descr>Locales for which support has been installed.</descr>
		</field>
		<field name="supported_locales" type="C2" size="255">
			<descr>Locales supported by the site (for hosted journals/conferences/...).</descr>
		</field>
		<field name="original_style_file_name" type="C2" size="255"/>
		<descr>Common site settings.</descr>
	</table>

	<!--
	  *
	  * TABLE site_settings
	  *
	  -->
	<table name="site_settings">
		<field name="setting_name" type="C2" size="255">
			<NOTNULL />
		</field>
		<field name="locale" type="C2" size="5">
			<NOTNULL />
			<DEFAULT VALUE=""/>
		</field>
		<field name="setting_value" type="X"/>
		<field name="setting_type" type="C2" size="6">
			<NOTNULL />
			<descr>(bool|int|float|string|object)</descr>
		</field>
		<descr>Site settings.</descr>
		<index name="site_settings_pkey">
			<col>setting_name</col>
			<col>locale</col>
			<UNIQUE />
		</index>
	</table>

	<!--
	  *
	  * TABLE auth_sources
	  *
	  -->
	<table name="auth_sources">
		<field name="auth_id" type="I8">
			<KEY />
			<AUTOINCREMENT />
		</field>
		<field name="title" type="C2" size="60">
			<NOTNULL/>
		</field>
		<field name="plugin" type="C2" size="32">
			<NOTNULL/>
		</field>
		<field name="auth_default" type="I1">
			<NOTNULL/>
			<DEFAULT VALUE="0"/>
		</field>
		<field name="settings" type="X"/>
		<descr>User authentication sources.</descr>
	</table>

	<!--
	  *
	  * TABLE users
	  *
	  -->
	<table name="users">
		<field name="user_id" type="I8">
			<KEY />
			<AUTOINCREMENT />
		</field>
		<field name="username" type="C2" size="32">
			<NOTNULL/>
		</field>
		<field name="password" type="C2" size="40">
			<NOTNULL/>
		</field>
		<field name="salutation" type="C2" size="40"/>
		<field name="first_name" type="C2" size="40">
			<NOTNULL/>
		</field>
		<field name="middle_name" type="C2" size="40"/>
		<field name="last_name" type="C2" size="90">
			<NOTNULL/>
		</field>
		<field name="gender" type="C" size="1"/>
		<field name="initials" type="C2" size="5"/>
		<field name="email" type="C2" size="90">
			<NOTNULL/>
		</field>
		<field name="url" type="C2" size="255"/>
		<field name="phone" type="C2" size="24"/>
		<field name="fax" type="C2" size="24"/>
		<field name="mailing_address" type="C2" size="255"/>
		<field name="country" type="C2" size="90"/>
		<field name="locales" type="C2" size="255"/>
		<field name="date_last_email" type="T"/>
		<field name="date_registered" type="T">
			<NOTNULL/>
		</field>
		<field name="date_validated" type="T"/>
		<field name="date_last_login" type="T">
			<NOTNULL/>
		</field>
		<field name="must_change_password" type="I1"/>
		<field name="auth_id" type="I8"/>
		<field name="auth_str" type="C2" size="255"/>
		<field name="disabled" type="I1">
			<NOTNULL/>
			<DEFAULT VALUE="0"/>
		</field>
		<field name="disabled_reason" type="X"/>
		<descr>User authentication credentials and profile data.</descr>
		<index name="users_username">
			<col>username</col>
			<UNIQUE />
		</index>
		<index name="users_email">
			<col>email</col>
			<UNIQUE />
		</index>
	</table>

	<!--
	  *
	  * TABLE user_settings
	  *
	  -->
	<table name="user_settings">
		<field name="user_id" type="I8">
			<NOTNULL/>
		</field>
		<field name="locale" type="C2" size="5">
			<NOTNULL/>
			<DEFAULT VALUE=""/>
		</field>
		<field name="setting_name" type="C2" size="255">
			<NOTNULL/>
		</field>
		<field name="assoc_type" type="I8">
			<!-- Not null not specified for sake of upgrade. -->
			<DEFAULT VALUE="0"/>
		</field>
		<field name="assoc_id" type="I8">
			<!-- Not null not specified for sake of upgrade. -->
			<DEFAULT VALUE="0"/>
		</field>
		<field name="setting_value" type="X"/>
		<field name="setting_type" type="C2" size="6">
			<NOTNULL/>
		</field>
		<descr>Locale-specific user data</descr>
		<index name="user_settings_user_id">
			<col>user_id</col>
		</index>
		<index name="user_settings_pkey">
			<col>user_id</col>
			<col>locale</col>
			<col>setting_name</col>
			<col>assoc_type</col>
			<col>assoc_id</col>
			<UNIQUE />
		</index>
	</table>

	<!--
	  *
	  * TABLE sessions
	  *
	  -->
	<table name="sessions">
		<field name="session_id" type="C2" size="40">
			<NOTNULL/>
		</field>
		<field name="user_id" type="I8"/>
		<field name="ip_address" type="C2" size="39">
			<NOTNULL/>
		</field>
		<field name="user_agent" type="C2" size="255"/>
		<field name="created" type="I8">
			<NOTNULL/>
			<DEFAULT VALUE="0"/>
		</field>
		<field name="last_used" type="I8">
			<NOTNULL/>
			<DEFAULT VALUE="0"/>
		</field>
		<field name="remember" type="I1">
			<NOTNULL/>
			<DEFAULT VALUE="0"/>
		</field>
		<field name="data" type="X">
			<NOTNULL/>
			<DEFAULT VALUE=""/>
		</field>
		<field name="acting_as" type="I8">
			<NOTNULL/>
			<DEFAULT VALUE="0"/>
		</field>
		<descr>Browser/user sessions and session data.</descr>
		<index name="sessions_user_id">
			<col>user_id</col>
		</index>
		<index name="sessions_pkey">
			<col>session_id</col>
			<UNIQUE />
		</index>
	</table>

	<!--
	  *
	  * TABLE captchas
	  *
	  -->
	<table name="captchas">
		<field name="captcha_id" type="I8">
			<KEY />
			<AUTOINCREMENT />
		</field>
		<field name="session_id" type="C2" size="40">
			<NOTNULL/>
		</field>
		<field name="value" type="C2" size="20">
			<NOTNULL/>
		</field>
		<field name="date_created" type="T">
			<NOTNULL/>
		</field>
	</table>

	<!--
	  *
	  * TABLE access_keys
	  *
	  -->
	<table name="access_keys">
		<field name="access_key_id" type="I8">
			<KEY />
			<AUTOINCREMENT />
		</field>
		<field name="context" type="C2" size="40">
			<NOTNULL/>
		</field>
		<field name="key_hash" type="C2" size="40">
			<NOTNULL/>
		</field>
		<field name="user_id" type="I8">
			<NOTNULL/>
		</field>
		<field name="assoc_id" type="I8"/>
		<field name="expiry_date" type="T">
			<NOTNULL/>
		</field>
		<descr>Access keys are used to provide pseudo-login functionality for security-minimal tasks. Passkeys can be emailed directly to users, who can use them for a limited time in lieu of standard username and password.</descr>
		<index name="access_keys_hash">
			<col>key_hash</col>
			<col>user_id</col>
			<col>context</col>
		</index>
	</table>

	<!--
	  *
	  * TABLE notifications
	  *
	  -->
	<table name="notifications">
		<field name="notification_id" type="I8">
			<KEY />
			<AUTOINCREMENT />
		</field>
		<field name="user_id" type="I8">
			<NOTNULL/>
		</field>
		<field name="level" type="I8" />
		<field name="date_created" type="T">
			<NOTNULL/>
		</field>
		<field name="date_read" type="T" />
		<field name="title" type="C2" size="255" />
		<field name="contents" type="X" >
			<NOTNULL/>
		</field>
		<field name="param" type="C2" size="255" />
		<field name="location" type="C2" size="255" />
		<field name="is_localized" type="I1" >
			<NOTNULL/>
			<DEFAULT VALUE="1"/>
		</field>
		<field name="product" type="C2" size="20" />
		<field name="context" type="I8">
			<NOTNULL/>
		</field>
		<field name="assoc_type" type="I8">
			<NOTNULL/>
		</field>
		<descr>Stores notifications for users as created by the system after certain operations.</descr>
		<index name="notifications_by_user">
			<col>product</col>
			<col>user_id</col>
			<col>level</col>
			<col>context</col>
		</index>
	</table>

	<!--
	  *
	  * TABLE notification_settings
	  *
	  -->
	<table name="notification_settings">
		<field name="setting_id" type="I8">
			<KEY />
			<AUTOINCREMENT />
		</field>
		<field name="setting_name" type="C2" size="64">
			<NOTNULL/>
		</field>
		<field name="setting_value" type="X">
			<NOTNULL/>
		</field>
		<field name="user_id" type="I8">
			<NOTNULL/>
		</field>
		<field name="product" type="C2" size="20" />
		<field name="context" type="I8">
			<NOTNULL/>
		</field>
		<descr>Lists all notifications types for each user that they do NOT want to be informed of, and also contains a list of RSS feed tokens for each user.</descr>
	</table>

	<!-- Email tables -->

	<!--
	  *
	  * TABLE email_templates_default
	  *
	  -->
	<table name="email_templates_default">
		<field name="email_id" type="I8">
			<KEY />
			<AUTOINCREMENT/>
		</field>
		<field name="email_key" type="C2" size="30">
			<NOTNULL/>
			<descr>Unique identifier for this email.</descr>
		</field>
		<field name="can_disable" type="I1">
			<NOTNULL/>
			<DEFAULT VALUE="1"/>
		</field>
		<field name="can_edit" type="I1">
			<NOTNULL/>
			<DEFAULT VALUE="1"/>
		</field>
		<field name="from_role_id" type="I8"/>
		<field name="to_role_id" type="I8"/>
		<descr>Default email templates.</descr>
		<index name="email_templates_default_email_key">
			<col>email_key</col>
		</index>
	</table>

	<!--
	  *
	  * TABLE email_templates_default_data
	  *
	  -->
	<table name="email_templates_default_data">
		<field name="email_key" type="C2" size="30">
			<NOTNULL />
			<descr>Unique identifier for this email.</descr>
		</field>
		<field name="locale" type="C2" size="5">
			<NOTNULL />
			<DEFAULT VALUE="en_US"/>
		</field>
		<field name="subject" type="C2" size="120">
			<NOTNULL/>
		</field>
		<field name="body" type="X"/>
		<field name="description" type="X"/>
		<descr>Default data for email templates.</descr>
		<index name="email_templates_default_data_pkey">
			<col>email_key</col>
			<col>locale</col>
			<UNIQUE />
		</index>
	</table>

	<!--
	  *
	  * TABLE email_templates
	  *
	  -->
	<table name="email_templates">
		<field name="email_id" type="I8">
			<KEY />
			<AUTOINCREMENT/>
		</field>
		<field name="email_key" type="C2" size="30">
			<NOTNULL/>
			<descr>Unique identifier for this email.</descr>
		</field>
		<field name="assoc_type" type="I8">
			<!-- Not null not specified for sake of upgrade. -->
			<DEFAULT VALUE="0"/>
		</field>
		<field name="assoc_id" type="I8">
			<!-- Not null not specified for sake of upgrade. -->
			<DEFAULT VALUE="0"/>
		</field>
		<field name="enabled" type="I1">
			<NOTNULL/>
			<DEFAULT VALUE="1"/>
		</field>
		<descr>Templates for emails.</descr>
		<index name="email_templates_email_key">
			<col>email_key</col>
			<col>assoc_type</col>
			<col>assoc_id</col>
			<UNIQUE/>
		</index>
		<index name="email_templates_assoc">
			<col>assoc_type</col>
			<col>assoc_id</col>
		</index>
	</table>

	<!--
	  *
	  * TABLE email_templates_data
	  *
	  -->
	<table name="email_templates_data">
		<field name="email_key" type="C2" size="30">
			<NOTNULL />
			<descr>Unique identifier for this email.</descr>
		</field>
		<field name="locale" type="C2" size="5">
			<NOTNULL />
			<DEFAULT VALUE="en_US"/>
		</field>
		<field name="assoc_type" type="I8">
			<!-- Not null not specified for sake of upgrade. -->
			<DEFAULT VALUE="0"/>
		</field>
		<field name="assoc_id" type="I8">
			<!-- Not null not specified for sake of upgrade. -->
			<DEFAULT VALUE="0"/>
		</field>
		<field name="subject" type="C2" size="120">
			<NOTNULL/>
		</field>
		<field name="body" type="X"/>
		<descr>Data for email templates.</descr>
		<index name="email_templates_data_pkey">
			<col>email_key</col>
			<col>locale</col>
			<col>assoc_type</col>
			<col>assoc_id</col>
			<UNIQUE/>
		</index>
	</table>

	<!-- OAI Tables -->

	<!--
	 *
	 * TABLE oai_resumption_tokens
	 *
	 -->
	<table name="oai_resumption_tokens">
		<field name="token" type="C2" size="32">
			<NOTNULL />
		</field>
		<field name="expire" type="I8">
			<NOTNULL/>
		</field>
		<field name="record_offset" type="I4">
			<NOTNULL/>
		</field>
		<field name="params" type="X" />
		<descr>Resumption tokens for the OAI protocol interface.</descr>
		<index name="oai_resumption_tokens_pkey">
			<col>token</col>
			<UNIQUE/>
		</index>
	</table>

	<!-- Parallel Processing -->

	<!--
	 *
	 * TABLE processes
	 *
	 -->
	<table name="processes">
		<field name="process_id" type="C2" size="23">
			<NOTNULL />
		</field>
		<field name="process_type" type="I1">
			<NOTNULL/>
		</field>
		<field name="time_started" type="I8">
			<NOTNULL/>
		</field>
		<field name="obliterated" type="I1">
			<DEFAULT VALUE="0"/>
			<NOTNULL/>
		</field>
		<descr>Currently running processes.</descr>
		<index name="processes_pkey">
			<col>process_id</col>
			<UNIQUE/>
		</index>
	</table>
</schema>
