<?xml version="1.0" encoding="UTF-8"?>
<!DOCTYPE schema SYSTEM "../../dtd/xmlSchema.dtd">

<!--
  * temporaryFiles.xml
  *
  * Copyright (c) 2000-2012 John Willinsky
  * Distributed under the GNU GPL v2. For full terms see the file docs/COPYING.
  *
  * Temporary file management support for the PKP database schema in XML.
  *
  * $Id$
  -->

<schema version="0.2">
	<!--
	  *
	  * TABLE temporary_files
	  *
	  -->
	<table name="temporary_files">
		<field name="file_id" type="I8">
			<KEY />
			<AUTOINCREMENT/>
		</field>
		<field name="user_id" type="I8">
			<NOTNULL/>
		</field>
		<field name="file_name" type="C2" size="90">
			<NOTNULL/>
		</field>
		<field name="file_type" type="C2" size="255">
		</field>
		<field name="file_size" type="I8">
			<NOTNULL/>
		</field>
		<field name="original_file_name" type="C2" size="127"/>
		<field name="date_uploaded" type="T">
			<NOTNULL/>
		</field>
		<descr>Temporary file storage; used to keep attachments across multiple email composition requests</descr>
		<index name="temporary_files_user_id">
			<col>user_id</col>
		</index>
	</table>
</schema>
