<?xml version="1.0" encoding="UTF-8"?>
<!DOCTYPE version SYSTEM "../../lib/pkp/dtd/rtVersion.dtd">

<!--
  * Computer_Science.xml
  *
  * Copyright (c) 2013-2014 Simon Fraser University Library
  * Copyright (c) 2003-2014 John Willinsky
  * Distributed under the GNU GPL v2. For full terms see the file docs/COPYING.
  *
  * Reading Tools version: Computer Science (ar_IQ)
  *
  -->

<version id="Computer_Science" locale="ar_IQ">
	<version_title>علوم الحاسبات</version_title>
	<version_description>أدوات القراءة يمكنها مساعدة قراء هذه الدراسة في الرجوع إلى مدى واسع من الموارد ذات الصلة، التي بإمكانها أن تكون منطلقاً لترجمة الدراسة، أو الاقتباس منها أو تقييمها.</version_description>

	<context>
		<context_title>عمل المؤلف</context_title>
		<context_abbrev>أعمال الآخرين</context_abbrev>
		<context_description>حدد أعمال أخرى حسب مؤلفيها باستعمال محركات بحث OAI.</context_description>
		<author_terms />
		<search>
			<search_title>الباحث العلمي من Google</search_title>
			<search_description>الباحث العلمي من Google يتيح عمليات البحث المتخصصة بالأعمال الأدبية العلمية، بضمنها الأوراق المحكمة، الأطاريح والرسائل، الكتب، الطبعات الأولية، الملخصات، والتقارير التقنية. المحتوى يشمل مدى من الناشرين والتجمعات العلمية التي لها اتفاقيات قائمة مع Google، مثل: رابطة المكائن الحاسوبية، IEEE، مكتبة  Open WorldCat لـ OCLC... إلخ. نتائج العرض ستُظهر نسخ تجاميع مختلفة، وتحليل للاقتباسات، وموقع المكتبة (حالياً كتب فقط).</search_description>
			<url>http://scholar.google.com</url>
			<search_url>http://scholar.google.com/scholar?ie=UTF-8&amp;oe=UTF-8&amp;hl=eng&amp;as_sauthors={$formKeywords}</search_url>
			
		</search>
		<search>
			<search_title>مجموعة من تراجم علوم الحاسبات</search_title>
			<search_description>يضم حوالي 1200 من التراجم مع أكثر من مليون مرجع، تتضمن ما يزيد عن 100 ألف رابط إنترنت للنصوص الكاملة للمقالات العلمية.</search_description>
			<url>http://liinwww.ira.uka.de/bibliography/index.html#about</url>
			<search_url>http://liinwww.ira.uka.de/csbib?online=&amp;maxnum=200&amp;sort=year&amp;query={$formKeywords}</search_url>
			
		</search>
		<search>
			<search_title>OAIster (Open Archives Initiative research databases)</search_title>
			<search_description>OAIster هو مشروع لجامعة مشغان لخدمات إنتاج المكتبة الرقمية، ويوفر عملية البحث ضمن مجاميع موارد متنوعة في مؤسسات عديدة. هذه المؤسسات جعلت سجلات مواردها الرقمية متاحة مجاناً، وفريق المشروع جمعها ضمن خدمة OAIster.</search_description>
			<url>http://oaister.umdl.umich.edu/</url>
			<search_url>http://oaister.umdl.umich.edu/cgi/b/bib/bib-idx?type=boolean&amp;size=10&amp;c=oaister&amp;q1=&amp;rgn1=entire+record&amp;op2=and&amp;q2=&amp;rgn2=entire+record&amp;op3=And&amp;q3=&amp;rgn3=title&amp;op4=And&amp;rgn4=author&amp;op5=And&amp;q5=&amp;rgn5=subject&amp;op6=And&amp;rgn6=norm&amp;q6=all+types&amp;sort=author%2Fcreator&amp;submit2=search&amp;q4={$formKeywords}</search_url>
			
		</search>
		<search>
			<search_title>جسر معلومات DOE</search_title>
			<search_description>إن جسر المعلومات يوفر وصولاً مفتوحاً لسجلات النص الكامل وسير المؤلفين لتقارير البحث والتطوير في وزارة الطاقة الأمريكية في: الفيزياء، الكيمياء، المواد، علوم الحياة، علوم البيئة، تقنيات الطاقة، الهندسة، علوم الحاسوب والمعلومات، الطاقة المتجددة... ومواضيع أخرى.</search_description>
			<url>http://www.osti.gov/bridge/index.jsp</url>
			<search_url>http://www.osti.gov/bridge/basicsearch.jsp?act=Search&amp;formname=basicsearch.jsp&amp;review=1&amp;SortBy=RELV&amp;SortOrder=DESC&amp;querytype=search&amp;searchFor={$formKeywords}</search_url>
			
		</search>
		<search>
			<search_title>NCSTRL</search_title>
			<search_description>هو مجموعة عالمية من التقارير البحثية في علوم الحاسبات وأوراق بحثية متاحة لأغراض غير تجارية، مقدمة من بعض المؤسسات المساهمة والأرشيفات. يمكن الوصول إلى أكثر من 20 ألف تقرير تقني في علوم الحاسبات.</search_description>
			<url>http://www.ncstrl.org:8900/ncstrl/index.html</url>
			<search_url>http://www.ncstrl.org:8900/ncstrl/servlet/search?formname=simple&amp;group=archive&amp;sort=rank&amp;fulltext={$formKeywords}</search_url>
			
		</search>
		<search>
			<search_title>حاصود المحفوظات المفتوحة لمشروع المعرفة العامة</search_title>
			<search_description>هو نظام فهرسة مجاني للبيانات الوصفية، مطور من قبل مشروع المعرفة العامة عبر جهود تمويله الفدرالية لتوسيع وتحسين الوصول إلى الأبحاث. وهو يتيح لك إنشاء فهرس قابل للبحث من البيانات الوصفية لمبادرة المحفوظات المفتوحة، مثل المواقع التي تعمل بنظام المجلات المفتوحة أو أنظمة المؤتمرات المفتوحة.</search_description>
			<url>http://pkp.sfu.ca/harvester/</url>
			<search_url>http://pkp.sfu.ca/harvester/search.php?limit=author&amp;query={$formKeywords}</search_url>
			
		</search>
		<search>
			<search_title>arXiv.org</search_title>
			<search_description>هي خدمة طباعة الكترونية في حقول: الفيزياء، الرياضيات، العلوم اللاخطية، وعلوم الحاسبات.</search_description>
			<url>http://arxiv.org/</url>
			<search_url>http://arxiv.org/search?searchtype=all&amp;query={$formKeywords}</search_url>
			
		</search>
		<search>
			<search_title>devx</search_title>
			<search_description>يقدم النصوص الكاملة لما يزيد عن 100 ألف مقالة مفهرسة قابلة للبحث، مع مراجعات... وغيرها.</search_description>
			<url>http://www.devx.com/</url>
			<search_url>http://www.google.com/custom?cof=T%3A%23000000%3BLW%3A70%3BBIMG%3Ahttp%3A%2F%2Fwww.devxcom%2Fimages%2Fredesign%2Fbackground2.gif%3BALC%3A%23000099%3BL%3Ahttp%3A%2F%2Fwww.devx.com%2Fimages%2Fredesign%2Fnewlogosm2.gif%3BLC%3A%23000099%3BLH%3A70%3BBGC%3AFAFAE6%3BAH%3Aleft%3BVLC%3A%23000099%3BGL%3A0%3BAWFID%3Aaf259f950e64cb71%3B&amp;domains=devx.com%3Bprojectcool.com%3Bvb2themax.com&amp;sitesearch=devx.com&amp;sa.x=16&amp;sa.y=25&amp;q={$formKeywords}</search_url>
			
		</search>
		<search>
			<search_title>CiteSeer</search_title>
			<search_description>يتيح الوصول إلى قاعدة بيانات عريضة مفهرسة بالكامل لأوراق بحثية في شتى حقول علوم الحاسبات.</search_description>
			<url>http://citeseer.ist.psu.edu/cs</url>
			<search_url>http://citeseer.ist.psu.edu/cs?submit=Search+Documents&amp;cs=1&amp;q={$formKeywords}</search_url>
			
		</search>
	</context>
	<context>
		<context_title>البحث عن المصطلحات</context_title>
		<context_abbrev>البحث عن المصطلحات</context_abbrev>
		<context_description>أنقر نقراً مزدوجاً على أي كلمة في النص وستظهر في صندوق &quot;تعريف المصطلحات&quot;. بإمكانك أيضاً طباعة الكلمات أو لصقها فيه. ثم استعمل وظيفة البحث للعثور على تعريف للكلمة. تم اختيار هذه الموارد كونها ذات صلة ومجانية، إذ تتيح الوصول لكل أو بعض محتواها مجاناً.</context_description>
		<define_terms />
		<search>
			<search_title>Google</search_title>
			<search_description>البحث عن تعاريف باستعمال محرك البحث الشائع.</search_description>
			<url>http://www.google.com/</url>
			<search_url>http://www.google.com/search?hl=en&amp;q=define%3A{$formKeywords}</search_url>
			
		</search>
		<search>
			<search_title>Webopedia</search_title>
			<search_description>هو قاموس على الإنترنت يتضمن تعاريف العبارات التقنية المتعلقة بالحاسبات والإنترنت.</search_description>
			<url>http://www.webopedia.com/</url>
			<search_url>http://search.internet.com/www.webopedia.com?IC_QueryDatabases=www.webopedia.com&amp;IC_QueryText={$formKeywords}</search_url>
			
		</search>
		<search>
			<search_title>WhatIs.com</search_title>
			<search_description>هي موسوعة على الإنترنت لمصطلحات تقنيات المعلومات.</search_description>
			<url>http://whatis.techtarget.com/</url>
			<search_url>http://whatis.techtarget.com/wsearchResults/1,290214,sid9,00.html?query={$formKeywords}</search_url>
			
		</search>
		<search>
			<search_title>القاموس المجاني على الإنترنت للحاسبة</search_title>
			<search_description>هو قاموس قابل للبحث للمرادفات، الكلمات الغريبة، لغات البرمجة، الأدوات، المعمارية، أنظمة التشغيل، نظريات الشبكات، المصطلحات، المعايير القياسية، الرياضيات، الاتصالات، الالكترونيات، المؤسسات، الشركات، المشاريع، المنتجات، وما يتعلق بالحاسبات تأريخياً.</search_description>
			<url>http://foldoc.org/</url>
			<search_url>http://foldoc.org/{$formKeywords}</search_url>
			
		</search>
		<search>
			<search_title>Merriam-Webster Online</search_title>
			<search_description>قاموس مؤسس على الطبعة العاشرة لكلية Webster، 1993، مع تحديثات تضاف له سنوياً. فيه أكثر من 160 ألف مدخل. كل كلمة يرافقها تعريفها ولفظها واستعمالاتها ومحدداتها القواعدية وتحليل موجز لأصلها. عند الإدخال الإملائي الخاطئ يقترح الموقع التصحيح. نظام البحث الداخلي فيه يدعم الحروف البديلة والبحث عبر استقطاع الجزء الأيمن من الكلمة. يتضمن دليل لفظي موسع وملفات صوتية للكثير من المصطلحات.</search_description>
			<url>http://www.merriam-webster.com/</url>
			<search_url>http://www.merriam-webster.com/cgi-bin/dictionary?book=Dictionary&amp;va={$formKeywords}</search_url>
			
		</search>
		<search>
			<search_title>قواميس OneLook</search_title>
			<search_description>هو قاموس يبحث في البيانات الوصفية للقواميس الأخرى. أدخل كلمة إنجليزية أو اختصاراً، وسيقوم بالبحث عن فهارسها ضمن 5292362 كلمة في 934 قاموس مفهرس ما بين عام ومتخصص.</search_description>
			<url>http://www.onelook.com/index.html</url>
			<search_url>http://www.onelook.com/?ls=a&amp;w={$formKeywords}</search_url>
			
		</search>
		<search>
			<search_title>Wikipedia: The Free Encyclopedia</search_title>
			<search_description>&quot;هي موسوعة مجانية ساهم المشاركون من أنحاء العالم في كتابتها. معنى تسمية الموقع أن أي شخص بإمكانه تعديل أي مقال&quot;. بدون إشراف لهيئة تحرير، لذلك فإن رصانة المحتوى المنشور على الموقع متباين بشكل هائل، لكنه جدير بالمعاينة. النسخة الإنجليزية تضم مئات الآلاف من المداخل. كما أنه يقدم نسخ أخرى بالفرنسية والإسبانية ولغات أخرى أيضاً.</search_description>
			<url>http://en.wikipedia.org/wiki/Main_Page</url>
			<search_url>http://en.wikipedia.org/wiki/Special:Search?go=Go&amp;fulltext=Search&amp;search={$formKeywords}</search_url>
			
		</search>
		<search>
			<search_title>Infoplease.com</search_title>
			<search_description>هذا الموقع يتضمن محتوى Information Please Almanacs، وهي قاعدة بيانات للترجمة الذاتية أو السيرة، وقاموس، وأطلس ومقالات من موسوعة كولومبيا. يمكنك البحث في هذه المراجع الجاهزة ككل أو بشكل منفصل أو تصفح الموقع. هناك قصص مميزة كل أسبوع تغطي مواضيع خبرية، مع روابط وثيقة الصلة بمحتوى الموقع وموارد أخرى في الإنترنت.</search_description>
			<url>http://www.infoplease.com</url>
			<search_url>http://www.infoplease.com/search?fr=iptn&amp;in=all&amp;x=0&amp;y=0&amp;query={$formKeywords}</search_url>
			
		</search>
	</context>
	<context>
		<context_title>دراسات ذات صلة</context_title>
		<context_abbrev>دراسات ذات صلة</context_abbrev>
		<context_description>الوصول إلى دراسات مماثلة عبر تأسيس رابط إلى قاعدة بيانات مفتوحة (مجانية)، مع ملخصات و/أو نصوص كاملة متعلقة بموضوعك.</context_description>

		<search>
			<search_title>arXiv.org</search_title>
			<search_description>هي خدمة طباعة الكترونية في حقول: الفيزياء، الرياضيات، العلوم اللاخطية، وعلوم الحاسبات.</search_description>
			<url>http://arxiv.org/</url>
			<search_url>http://arxiv.org/search?searchtype=all&amp;query={$formKeywords}</search_url>
			
		</search>
		<search>
			<search_title>CiteSeer</search_title>
			<search_description>يتيح الوصول إلى قاعدة بيانات عريضة مفهرسة بالكامل لأوراق بحثية في شتى حقول علوم الحاسبات.</search_description>
			<url>http://citeseer.ist.psu.edu/cs</url>
			<search_url>http://citeseer.ist.psu.edu/cs?submit=Search+Documents&amp;cs=1&amp;q={$formKeywords}</search_url>
			
		</search>
		<search>
			<search_title>مجموعة من تراجم علوم الحاسبات</search_title>
			<search_description>يضم حوالي 1200 من التراجم مع أكثر من مليون مرجع، تتضمن ما يزيد عن 100 ألف رابط إنترنت للنصوص الكاملة للمقالات العلمية.</search_description>
			<url>http://liinwww.ira.uka.de/bibliography/index.html#about</url>
			<search_url>http://liinwww.ira.uka.de/csbib?online=&amp;maxnum=200&amp;sort=year&amp;query={$formKeywords}</search_url>
			
		</search>
		<search>
			<search_title>NCSTRL</search_title>
			<search_description>هو مجموعة عالمية من التقارير البحثية في علوم الحاسبات وأوراق بحثية متاحة لأغراض غير تجارية، مقدمة من بعض المؤسسات المساهمة والأرشيفات. يمكن الوصول إلى أكثر من 20 ألف تقرير تقني في علوم الحاسبات.</search_description>
			<url>http://www.ncstrl.org:8900/ncstrl/index.html</url>
			<search_url>http://www.ncstrl.org:8900/ncstrl/servlet/search?formname=simple&amp;group=archive&amp;sort=rank&amp;fulltext={$formKeywords}</search_url>
			
		</search>
		<search>
			<search_title>جسر معلومات DOE</search_title>
			<search_description>إن جسر المعلومات يوفر وصولاً مفتوحاً لسجلات النص الكامل وسير المؤلفين لتقارير البحث والتطوير في وزارة الطاقة الأمريكية في: الفيزياء، الكيمياء، المواد، علوم الحياة، علوم البيئة، تقنيات الطاقة، الهندسة، علوم الحاسوب والمعلومات، الطاقة المتجددة... ومواضيع أخرى.</search_description>
			<url>http://www.osti.gov/bridge/index.jsp</url>
			<search_url>http://www.osti.gov/bridge/basicsearch.jsp?act=Search&amp;formname=basicsearch.jsp&amp;review=1&amp;SortBy=RELV&amp;SortOrder=DESC&amp;querytype=search&amp;searchFor={$formKeywords}</search_url>
			
		</search>
		<search>
			<search_title>devx</search_title>
			<search_description>يقدم النصوص الكاملة لما يزيد عن 100 ألف مقالة مفهرسة قابلة للبحث، مع مراجعات... وغيرها.</search_description>
			<url>http://www.devx.com/</url>
			<search_url>http://www.google.com/custom?cof=T%3A%23000000%3BLW%3A70%3BBIMG%3Ahttp%3A%2F%2Fwww.devxcom%2Fimages%2Fredesign%2Fbackground2.gif%3BALC%3A%23000099%3BL%3Ahttp%3A%2F%2Fwww.devx.com%2Fimages%2Fredesign%2Fnewlogosm2.gif%3BLC%3A%23000099%3BLH%3A70%3BBGC%3AFAFAE6%3BAH%3Aleft%3BVLC%3A%23000099%3BGL%3A0%3BAWFID%3Aaf259f950e64cb71%3B&amp;domains=devx.com%3Bprojectcool.com%3Bvb2themax.com&amp;sitesearch=devx.com&amp;sa.x=16&amp;sa.y=25&amp;q={$formKeywords}</search_url>
			
		</search>
		<search>
			<search_title>HCI Bibliography: مصادر تفاعل الإنسان والحاسبة</search_title>
			<search_description>هي بيانات سيرة مفتوحة (مجانية) عن تفاعل الإنسان والحاسبة، مع أكثر من 28500 سجل ضمن قاعدة بيانات قابلة للبحث.</search_description>
			<url>http://www.hcibib.org/</url>
			<search_url>http://www.hcibib.org/gs.cgi?highlight=checked&amp;action=Search&amp;terms={$formKeywords}</search_url>
			
		</search>
	</context>
	<context>
		<context_title>عمليات البحث في الكتب</context_title>
		<context_abbrev>عمليات البحث في الكتب</context_abbrev>
		<context_description>مصادر تتعلق بالكتب</context_description>

		<search>
			<search_title>Google Print</search_title>
			<search_description>تعمل Google مع مكتبات جامعات: مشغان، هارفارد، ستانفورد، أوكسفورد ومع المكتبة العامة في نيويورك لرقمنة الكتب التي بحوزتها وإتاحتها للناس عبر خدمة Google Print، وهو مشروع مسح ضوئي عملاق من شأنه إدخال ملايين المجلدات من الكتب المطبوعة في قاعدة بيانات. أنقر على عنوان الكتاب وستجد الصفحة التي تتضمن عبارة البحث التي استعملتها، كما بإمكانك البحث عن المزيد من المعلومات ضمن ذلك الكتاب تحديداً، والعثور على تنقيحات ومراجعات أو بيانات أخرى ذات صلة، والتعرف على جهة النشر، وكذلك شراء الكتاب والعثور على مكتبات قريبة تبيعه.</search_description>
			<url>http://print.google.com</url>
			<search_url>http://print.google.com/print?q={$formKeywords}</search_url>
			
		</search>
		<search>
			<search_title>صفحة الكتب على الإنترنت</search_title>
			<search_description>صفحة الكتب على الإنترنت، المحررة من قبل John Mark Ockerbloom من جامعة بنسلفانيا. هذه نقطة بداية ممتازة عند البحث عن النصوص الكاملة للكتب عبر الإنترنت. أكثر من 20 ألف عمل باللغة الإنجليزية بصيغ مختلفة متاح على الإنترنت عبر عدة مواقع. يمكن البحث فيه عبر العنوان أو المؤلف. لديه ميزة مثيرة للاهتمام حيث يسمح بالتصفح عبر أرقام فئات مكتبة الكونغرس. تُضاف له قوائم جديدة دورياً وهي مفروزة في صفحة مستقلة على الرابط &lt;a href=&quot;http://onlinebooks.library.upenn.edu/new.html&quot;&gt;http://onlinebooks.library.upenn.edu/new.html&lt;/a&gt;.</search_description>
			<url>http://digital.library.upenn.edu/books/</url>
			<search_url>http://onlinebooks.library.upenn.edu/webbin/book/search?tmode=words&amp;title={$formKeywords}</search_url>
			
		</search>
		<search>
			<search_title>Books-On-Line</search_title>
			<search_description>تجمُّع من أكثر من 32935 عنوان، رغم أن بعضها مقتطفات فقط. التصفح يكون عبر الموضوع أو البحث عبر المؤلف أو العنوان. ليست جميع المؤلفات مجانية.</search_description>
			<url>http://www.books-on-line.com/</url>
			<search_url>http://www.books-on-line.com/bol/KeyWordSearch.cfm?RowCount=50&amp;Searchquery={$formKeywords}</search_url>
			
		</search>
		<search>
			<search_title>O'Reilly Search</search_title>
			<search_description>بحث عن: الكتب، المقالات، مدونات الإنترنت، المؤتمرات، وموارد أخرى منشورة أو محفوظة لدى O'Reilly &amp; Associates, world-renowned publishers.</search_description>
			<url>http://www.oreillynet.com/search/</url>
			<search_url>http://catsearch.atomz.com/search/catsearch/?sp-a=sp1000a5a9&amp;sp-f=ISO-8859-1&amp;sp-t=cat_search&amp;sp-advanced=1&amp;sp-p=any&amp;sp-d=custom&amp;sp-date-range=-1&amp;sp-q-1=&amp;sp-x-1=collection&amp;sp-c=10&amp;sp-m=1&amp;sp-s=0&amp;sp-q={$formKeywords}</search_url>
			
		</search>
		<search>
			<search_title>Safari Tech Books Online</search_title>
			<search_description>مكتبة مراجع تقنية على الإنترنت من O'Reilly.</search_description>
			<url>http://safari.oreilly.com</url>
			<search_url>http://safari.oreilly.com/search?_formName=searchForm&amp;searchlistbox=Entire Site&amp;searchtextbox={$formKeywords}</search_url>
			
		</search>
		<search>
			<search_title>المكتبة العالمية</search_title>
			<search_description>المكتبة العالمية تعتبر الأكثر تعمقاً والأكثر طموحاً. إنها تكدس مجموعة من نحو مئة ألف كتاب ألكتروني (بعضها من مشروع غوتنبرغ)، وهي تهدف إلى وصول مليون كتاب الكتروني في نهاية عام 2006.</search_description>
			<url>http://tera-3.ul.cs.cmu.edu/</url>
			<search_url>http://tera-3.ul.cs.cmu.edu/cgi-bin/DBscripts/advsearch_db.cgi?perPage=25&amp;listStart=0&amp;author1=&amp;subject1=Any&amp;year1=&amp;year2=&amp;language1=Any&amp;scentre=Any&amp;search=Search&amp;title1={$formKeywords}</search_url>
			
		</search>
	</context>
	<context>
		<context_title>قواعد بيانات</context_title>
		<context_abbrev>قواعد بيانات</context_abbrev>
		<context_description>Databases containing information related to Computing Science</context_description>

		<search>
			<search_title>مجموعة من تراجم علوم الحاسبات</search_title>
			<search_description>مجموعة من تراجم علوم الحاسبات من عدة مصادر تغطي معظم مفاهيم علوم الحاسبات. مراجع للوصول إلى: مقالات المجلات، أوراق المؤتمرات، والتقارير التقنية. تضم المجموعة حالياً ما يزيد عن مليوني مرجع (معضمها لمقالات المجلات العلمية، أوراق المؤتمرات، والتقارير التقنية)، مترابطة بشكل يضم حوالي 1500 ملف سيرة ويشتمل على أكثر من 2.3 GBytes (530MB مضغوطة) من مداخل BibTeX. أكثر من 600 ألف مرجع منها مراجع متبادلة لمنشورات مقتبسة. أكثر من مليون من المراجع تضمن روابط لنسخ على الإنترنت من الأوراق البحثية. الملخصات متاحة لما يزيد عن 800 ألف مدخل. هناك أكثر من 2000 رابط لمواقع أخرى تحتوي على معلومات سيرة أيضاً.</search_description>
			<url>http://liinwww.ira.uka.de/bibliography/index.html</url>
			<search_url>http://liinwww.ira.uka.de/mpsbib?field=&amp;year=&amp;sincd=&amp;before=&amp;results=citation&amp;maxnum=40&amp;online=on&amp;query={$formKeywords}</search_url>
			
		</search>
		<search>
			<search_title>محرك بحث المجلة الهندسية الالكترونية (EESE)</search_title>
			<search_description>يبحث في النصوص الكاملة لأكثر من 100 مجلة الكترونية مجانية.</search_description>
			<url>http://www.eevl.ac.uk/eese/index.html</url>
			<search_url>http://www.eevl.ac.uk/eevl-cross-results.htm?tab=all&amp;eevl_sect=eevl&amp;exact=on&amp;method=All&amp;searchst={$formKeywords}</search_url>
			
		</search>
		<search>
			<search_title>CompuScience</search_title>
			<search_description>هي قاعدة بيانات لبيانات السيرة الذاتية، تغطي أدبيات حقل علوم الحاسبات وتقنيات الحاسوب. بعودتها إلى العام 1936، تشتمل قاعدة البيانات على 656378 اقتباس. CompuScience متكامل مع موقع io-port.net، مدخل علوم الحاسبات في ألمانيا وأوربا. وهو يضم ملخصات التحكيم من ACM وقسم علوم الحاسبات في Zentralblatt für Mathematik (قاعدة بيانات MATH) وملخصات أكثر من 95 مجلة منتخبة في هذا المجال. الاقتباسات تتضمن معلومات السيرة ومصطلحات فهرسة. الكثير من السجلات يضم أيضاً ملخصات. معظم الاقتباسات مصنفة حسب طريقة تصنيف تحكيمات الحاسوب لـ ACM.</search_description>
			<url>http://www.fiz-informationsdienste.de/en/DB/compusci/index.html</url>
			<search_url>http://www.io-port.net/ioport2004/singlefieldSearch.do?feld1=fulltext&amp;eingabe2=&amp;eingabe3=&amp;eingabe4=&amp;eingabe5=&amp;sortierung=jahr&amp;query=&amp;Abschicken=Suchen&amp;eingabe1={$formKeywords}</search_url>
			
		</search>
	</context>
	<context>
		<context_title>Pay-per-view</context_title>
		<context_abbrev>Pay-per-view</context_abbrev>
		<context_description>هي خدمة مقدمة للذين ليس لهم حق الوصول المباشر لمقالات المجلات الالكترونية عبر الاشتراكات. هذه الخدمة تسمح للزبائن بالوصول المباشر لمقالة أو مؤلَّف معين عبر الدفع ببطاقات إئتمانية. بمجرد التحقق من تفاصيل الدفع آنياً، يمكن للمستخدم الحصول على ملف المقالة لمدة 30 يوم.</context_description>

		<search>
			<search_title>Ingenta</search_title>
			<search_description>هي تقيد الوصول إلى النص الكامل للمقالات العلمية، ورغم أن الحصول على تلك المؤلفات يكلف مالاً، إلا أن الموقع يمكن استعماله كفهرس مجاني لتلك المقالات والمؤلَّفات.</search_description>
			<url>http://www.ingenta.com/</url>
			<search_url>http://www.ingenta.com/isis/searching/Search/ingenta?database=1&amp;title={$formKeywords}</search_url>
			
		</search>
		<search>
			<search_title>ebrary</search_title>
			<search_description>الباحثون المستقلون الذين ليس لديهم وصول إلى قواعد بيانات ebrary عبر مكتباتهم، بإمكانهم الآن إنشاء حسابات منفردة بكلفة 5 دولارات فقط. موقع ebrary Discover يشمل عدة إختصاصات أكاديمية ويتيح الوصول بطريقة (أي وقت من أي مكان) لأكثر من 20 ألف عنوان مرخص من ضمنها: نصوص كاملة لكتب، أوراق موسيقية، تقارير... وغيرها من الوثائق المرخصة من أكثر من 175 ناشر رئيسي، مثل مطبعة جامعة كامبرج، Random House، Inc.، شركات McGraw-Hill... وغيرها.</search_description>
			<url>http://www.ebrary.com/corp/content.htm</url>
			<search_url>http://shop.ebrary.com/Top?layout=search&amp;f00=text&amp;p01=&amp;f01=subject&amp;d=journal&amp;l=en&amp;sch=%A0%A0%A0%A0%A0Search%A0%A0%A0%A0%A0&amp;frm=adv.x&amp;p00={$formKeywords}</search_url>
			
		</search>
		<search>
			<search_title>Questia</search_title>
			<search_description>تتيح الوصول لأكثر من 47 ألف كتاب و 375 ألف مقال في: مجلة وصحيفة وصحيفة إخبارية. كل الكتب والمقالات متاحة بشكل قابل للبحث في كل صفحة منها. كلفة الاشتراك تتراوح بين 19.05 دولار شهرياً إلى 119.95 دولار سنوياً.</search_description>
			<url>http://www.questia.com/</url>
			<search_url>http://www.questia.com/SM.qst?act=search&amp;keywordsSearchType=1000&amp;mediaType=book&amp;mediaType=journal&amp;mediaType=magazine&amp;mediaType=newspaper&amp;mediaType=encyclopedia&amp;mediaType=startpage&amp;keywords={$formKeywords}</search_url>
			
		</search>
		<search>
			<search_title>Wiley InterScience Pay-per-view Service</search_title>
			<search_description>توفر هذه الخدمة وصولاً مباشراً للنصوص الكاملة لمجموعة هائلة من مقالات المجلات العلمية أو فصول الكتب المتاحة في Wiley InterScience دون الحاجة إلى اشتراك. هذه الخدمة تسمح لأي شخص بشراء الحصول على مقالات المجلات أو فصول الكتب مباشرة عبر بطاقة الإئتمان. الوصول آني ومتاح لمدة 24 ساعة.</search_description>
			<url>http://www3.interscience.wiley.com/aboutus/ppv-articleselect.html</url>
			<search_url>http://www3.interscience.wiley.com/search/allsearch</search_url>
			<search_post>allContentSearchForm=&amp;mode=quicksearch&amp;WISindexid1=WISall&amp;WISsearch1={$formKeywords}</search_post>			
		</search>
	</context>
	<context>
		<context_title>Tech. reports</context_title>
		<context_abbrev>Tech. reports</context_abbrev>
		<context_description>يمثل بوابة لمجموعات من التقارير التقنية.</context_description>

		<search>
			<search_title>شبكة GrayLIT</search_title>
			<search_description>توفر هذه الشبكة البحث عبر النص الكامل في الأدبيات المستقاة من عدة وكالات حكومية ضمن مدخل العلوم للتقارير التقنية. إنها تتعامل مع محركات البحث في هذا النوع من المؤلفات، مما يمكن المستخدم من العثور على المعلومة بدون الحاجة إلى معرفة الوكالة الراعية لها.</search_description>
			<url>http://graylit.osti.gov/</url>
			<search_url>http://graylit.osti.gov/cgi-bin/dexplcgi</search_url>
			<search_post>pp=all&amp;INTERFACE=1WINDOW&amp;FORM=DistributedSearch.html&amp;COLLECTION=dticft&amp;COLLECTION=jpl&amp;COLLECTION=gpoinfo&amp;COLLECTION=langley&amp;MAXDOCS=50&amp;QUERY={$formKeywords}</search_post>			
		</search>
	</context>
	<context>
		<context_title>براءات الاختراع</context_title>
		<context_abbrev>براءات الاختراع</context_abbrev>
		<context_description>يتيح الوصول إلى معلومات عن براءات الاختراع في كندا، أمريكا، وأوربا.</context_description>

		<search>
			<search_title>قاعدة بيانات براءات الاختراع الكندية</search_title>
			<search_description>تتيح لك الوصول لأكثر من 75 سنة من أوصاف براءات الاختراع وصورها. يمكنك البحث، دراسة، استرجاع أكثر من مليون ونصف من وثائق براءات الاختراع</search_description>
			<url>http://patents1.ic.gc.ca/intro-e.html</url>
			<search_url>http://patents1.ic.gc.ca/fcgi-bin/patquery_eo_el?-t=_&amp;-l=ibm.html&amp;-m=50&amp;-c=/cpoti/prod/verity/coll/cpd&amp;ERROR_MSG=Query failed with rc =&amp;GENERAL={$formKeywords}</search_url>
			
		</search>
		<search>
			<search_title>شبكة أوربا لقواعد بيانات براءات الاختراع (Esp@cenet)</search_title>
			<search_description>هي خدمة مجانية للوصول إلى معلومات براءات الاختراع. يمكن البحث في أربع ملفات من قواعد البيانات: (1)براءات الاختراع في أوربا (آخر 24 شهر، مع ملفات PDF)؛ (2) PCT(WO) براءات الاختراع (آخر 24 شهر، مع ملفات PDF); (3) براءات الاختراع عالمياً (الشمولية تعتمع على البلد، على الأغلب تعود إلى الستينيات أو السبعينيات)؛ و (4) براءات الاختراع اليابانية (1976 - الوقت الراهن). منذ عام 1970، كل عائلة من براءات الاختراع ضمن المجموعة لديها وثيقة تمثلها مع عنوان باللغة الإنجليزية قابل للبحث إضافة إلى ملخص.</search_description>
			<url>http://ep.espacenet.com</url>
			<search_url>http://v3.espacenet.com/results?AB=fiber&amp;sf=q&amp;FIRST=1&amp;CY=ep&amp;LG=en&amp;DB=EPODOC&amp;st=AB&amp;Submit=SEARCH&amp;=&amp;=&amp;=&amp;=&amp;=&amp;kw={$formKeywords}</search_url>
			
		</search>
		<search>
			<search_title>USPTO</search_title>
			<search_description>قواعد بيانات تغطي الفترة من 1 كانون الثاني 1976 إلى الإصدار الأخير في الأسبوع الحالي (عادة كل يوم ثلاثاء). يمكن أيضاً طلب براءة الاختراع عبر هذا النظام.</search_description>
			<url>http://www.uspto.gov/</url>
			<search_url>http://patft.uspto.gov/netacgi/nph-Parser?Sect1=PTO2&amp;Sect2=HITOFF&amp;p=1&amp;u=%2Fnetahtml%2Fsearch-bool.html&amp;r=0&amp;f=S&amp;l=50&amp;FIELD1=&amp;co1=AND&amp;TERM2=&amp;FIELD2=&amp;d=ptxt&amp;TERM1={$formKeywords}</search_url>
			
		</search>
	</context>
	<context>
		<context_title>Standards</context_title>
		<context_abbrev>Standards</context_abbrev>
		<context_description>الوصول إلى بيانات المعايير القياسية التي ينصح بها عادة علماء الحاسبات.</context_description>

		<search>
			<search_title>المنظمة العالمية للمعايير القياسية (ISO)</search_title>
			<search_description>المنظمة العالمية للمعايير القياسية (ISO) هي اتحاد عالمي لأعضاء يمثلون المعايير القياسية الوطنية من حوالي 140 دولة. أعمال ISO أدت إلى التوصل إلى حوالي 12 ألف معيار قياسي عالمي يمثل أكثر من 300 ألف صفحة بالإنجليزية والفرنسية.</search_description>
			<url>http://www.iso.ch/iso/en/CatalogueListPage.CatalogueList</url>
			<search_url>http://www.iso.ch/iso/en/CombinedQueryResult.CombinedQueryResult?queryString={$formKeywords}</search_url>
			
		</search>
		<search>
			<search_title>إلتماس التعليقات (RFCs)</search_title>
			<search_description>سلسلة الوثائق هذه هي عبارة عن مجموعة من ملاحظات تقنية ومنظماتية عن الإنترنت (التي هي أصلاً ARPANET)، تبداً في 1969. المذكرات ضمن هذه السلسلة تناقش الكثير من المفاهيم في شبكات الحاسوب، بضمنها البروتوكولات، الإجرائيات، البرامج، المفاهيم، فضلاً عن ملاحظات الاجتماعات، الآراء، وأحياناً حتى النكت.</search_description>
			<url>http://www.rfc-editor.org/rfcsearch.html</url>
			<search_url>http://www.rfc-editor.org/cgi-bin/rfcsearch.pl?opt=All+Fields&amp;num=25&amp;filefmt=txt&amp;search_doc=search_all&amp;match_method=prefix&amp;sort_method=newer&amp;abstract=absoff&amp;keywords=keyoff&amp;format=ftp&amp;searchwords={$formKeywords}</search_url>
			
		</search>
		<search>
			<search_title>XML.com</search_title>
			<search_description>موقع شامل كل كل ما يخص XML (Extensible Markup Language)، مع المخططات والأنماط حتى الشبكة العنكبوتية. مخصص بشكل كبير للمستخدمين المحنكين، لكنه يضم أيضاً أسئلة شائعة وإجاباتها للمستخدمين المستجدين. قابل للبحث. برعاية دار النشر O'Reilly &amp;. </search_description>
			<url>http://www.xml.com/</url>
			<search_url>http://search.atomz.com/search/?sp-a=sp1000a5a9&amp;sp-f=ISO-8859-1&amp;sp-t=cat_search&amp;sp-x-1=collection&amp;sp-q-1=xml&amp;sp-q={$formKeywords}</search_url>
			
		</search>
	</context>
	<context>
		<context_title>منتديات الإنترنت</context_title>
		<context_abbrev>منتديات الإنترنت</context_abbrev>
		<context_description>إختر منتديات الإنترنت المفتوحة (المجانية) التي من شأنها أن تعزز الدراسات البحثية في موقعك.</context_description>

		<search>
			<search_title>دليل الاجتماعات الشامل</search_title>
			<search_description>هو قاعدة بيانات قابلة للبحث في علوم الحاسبات والمؤتمرات التقنية. يتم فيه تنظيم المؤتمرات حسب الفئة ويقدم معلومات عن المواعيد النهائية لتقديم الأوراق البحثية.</search_description>
			<url>http://all-conferences.com/Computers/</url>
			<search_url>http://www.allconferences.com/Search/search.php3?Search={$formKeywords}</search_url>
			
		</search>
		<search>
			<search_title>DB and LP: مؤتمرات وورش عمل</search_title>
			<search_description>يضم قائمة لمؤتمرات علوم الحاسبات وورش العمل، سابقاً وحالياً ومستقبلاً.</search_description>
			<url>http://www.informatik.uni-trier.de/~ley/db/conf/index.a.html</url>
			<search_url>http://www.google.com/search?hl=en&amp;lr=&amp;q=site%3Awww.informatik.uni-trier.de%2F+conf+{$formKeywords}</search_url>
			
		</search>
		<search>
			<search_title>قواعد بيانات مؤتمرات Netlib</search_title>
			<search_description>تضم معلومات عن المؤتمرات القادمة، المحاضرات، وغيرها مما يتعلق بالاجتماعات الخاصة بحقول الرياضيات وعلوم الحاسبات.</search_description>
			<url>http://www.netlib.org/confdb/confsearch.html</url>
			<search_url>http://netlib2.cs.utk.edu/cgi-bin/csearch/confdisp.pl?ip_address=160.36.58.108&amp;ip_name=netlib-old.cs.utk.edu&amp;tcp_port=8123&amp;database_name=%2Fusr%2Flocal%2Fwais%2Findexes%2Fconfdb&amp;search_term={$formKeywords}</search_url>
			
		</search>
		<search>
			<search_title>TechCalendar</search_title>
			<search_description>هو دليل قابل للبحث والتصفح للأحداث مع أصناف، مثل: الإنترنت، الاتصالات، البرامجيات والخدمات، الأسواق العمودية، منصات الحاسوب، وصنعة الحاسبات.</search_description>
			<url>http://www.techweb.com/calendar/</url>
			<search_url>http://www.tsnn.com/partner/results/results_techweb.cfm?city=&amp;select=-1&amp;country=-1&amp;classid=120&amp;Month=-1&amp;subject={$formKeywords}</search_url>
			
		</search>
	</context>
	<context>
		<context_title>متعددات الوسائط</context_title>
		<context_abbrev>متعددات الوسائط</context_abbrev>
		<context_description>مصادر متعددات الوسائط</context_description>

		<search>
			<search_title>مشروع الفيديو المفتوح</search_title>
			<search_description>هو مجموعة منتخبة من الفيدوات المتاحة للعامة والمتعلقة بالبحوث وغيرها من الأغراض. الهدف منه تجميع وإنشاء مستودع للمحتوى الفيدوي الرقمي لمتعددات الوسائط والمكتبة الرقمية وغيرها من المجتمعات البحثية.</search_description>
			<url>http://www.open-video.org/index.php</url>
			<search_url>http://www.open-video.org/results.php?search_field=all&amp;terms={$formKeywords}</search_url>
			
		</search>
	</context>
	<context>
		<context_title>ملفات تدريسية</context_title>
		<context_abbrev>تعليمية</context_abbrev>
		<context_description>الشروع مباشرة بعملية بحث استناداً إلى موضوع المقالة أو الورقة التي تربط المستخدم بالمحتوى المجاني والمقالات المحفوظة في ذلك الحقل من الصحف الرئيسية حول العالم.</context_description>

		<search>
			<search_title>المكتبة الرقمية الوطنية للعلوم</search_title>
			<search_description>المكتبة الرقمية الوطنية للعلوم (NSDL) أُنشئت من قبل المؤسسة الوطنية للعلوم لتتيح الوصول المنظم لموارد وأدوات عالية الجودة والتي تدعم الابتكار في مجال التعليم والتدريس في كل مستويات: العلوم، التقنية، الهندسة، الرياضيات.</search_description>
			<url>http://nsdl.org/about</url>
			<search_url>http://nsdl.org/search/?formview=searchresults&amp;verb=Search&amp;s=0&amp;n=10&amp;boost%5B%5D=compoundTitle&amp;boost%5B%5D=compoundDescription&amp;q={$formKeywords}</search_url>
			
		</search>
		<search>
			<search_title>تعليم العلوم، الرياضيات، الهندسة، والتقنيات (SMETE)</search_title>
			<search_description>يحتوي على مكتبة تعليمية رقمية من طراز أولي قابلة للبحث، تخص العلوم الوطنية، الرياضيات، الهندسة، والتقنيات.</search_description>
			<url>http://www.smete.org/</url>
			<search_url>http://www.smete.org/smete/?path=/public/find/search_results.jhtml&amp;_DARGS=/smete/public/find/index_body.jhtml&amp;/smete/forms/FindLearningObjects.operation=search&amp;_D:/smete/forms/FindLearningObjects.operation=%20&amp;_D:/smete/forms/FindLearningObjects.keyword=%20&amp;/smete/forms/FindLearningObjects.learningResourceType=&amp;_D:/smete/forms/FindLearningObjects.learningResourceType=%20&amp;/smete/forms/FindLearningObjects.grade=0-Any&amp;_D:/smete/forms/FindLearningObjects.grade=%20&amp;/smete/forms/FindLearningObjects.title=&amp;_D:/smete/forms/FindLearningObjects.title=%20&amp;/smete/forms/FindLearningObjects.author=&amp;_D:/smete/forms/FindLearningObjects.author=%20&amp;/smete/forms/FindLearningObjects.hostCollection=&amp;_D:/smete/forms/FindLearningObjects.hostCollection=%20&amp;/smete/forms/FindLearningObjects.afterYear=&amp;_D:/smete/forms/FindLearningObjects.afterYear=%20&amp;/smete/forms/FindLearningObjects.beforeYear=&amp;_D:/smete/forms/FindLearningObjects.beforeYear=%20&amp;&amp;/smete/forms/FindLearningObjects.keyword={$formKeywords}</search_url>
			
		</search>
	</context>
	<context>
		<context_title>سياسة الدولة</context_title>
		<context_abbrev>سياسة الدولة</context_abbrev>
		<context_description>Access to Information and services gateway run by the Government of the United States and Canada.</context_description>

		<search>
			<search_title>مدخل لمعلومات وخدمات الحكومة الأسترالية</search_title>
			<search_description>يقدم وصول شامل ومتكامل لمعلومات وخدمات الحكومة الأسترالية. ستجد بنية مركزة لبيانات الحكومة الأسترالية في هذا الموقع. &lt;a href=&quot;http://www.australia.gov.au&quot;&gt;www.australia.gov.au&lt;/a&gt; حالياً يشتمل على إدراجات من أكثر من 700 موقع حكومي أسترالي وفهارس وأكثر من 5 ملايين صفحة، ويستعمل البيانات الوصفية والنصوص الكاملة لأغراض الفهرسة لضمان كونه مدخلاً حكومياً شاملاً.</search_description>
			<url>http://www.fed.gov.au</url>
			<search_url>http://govsearch.australia.gov.au/search/search.cgi?collection=gov&amp;form=au&amp;query=&amp;query_phrase=&amp;query_or=&amp;query_not=&amp;meta_f_sand=&amp;scope=&amp;fscope=512&amp;num_ranks=20&amp;chksummary=chksummary&amp;query_and={$formKeywords}</search_url>
			
		</search>
		<search>
			<search_title>حكومة كندا</search_title>
			<search_description>بإمكانك البحث عبر كل الوزارات الحكومية الفدرالية ووكالاتها والإدارات الريفية وفي المقاطعات والمدن. هناك روابط لتلك الوزارات والوكالات. الفهرس من أ إلى ي يقدم خدمة البحث عبر الكلمات المفتاحية للبرامج والخدمات. 

يشمل التطور الأخير في جانب عمل الوزارات تضمين صفحة &quot;الإفصاح الحكومي&quot; حيث تستعرض مصاريف السفر والإسكان، الإفصاح عن العقود، المنح والهبات. 

صفحة (عن كندا) تتضمن روابط للوزارات والوكالات، هيكلية الحكومة الكندية، لجان التحقيق، والمزيد. 

إضافة إلى مواقع الوزارات، أنشأت الحكومة مداخل تقوم بربط المعلومات من مختلف الموارد الفدرالية والمقاطعاتية، والمنظمات غير الحكومية أيضاً.</search_description>
			<url>http://www.canada.gc.ca/main_e.html</url>
			<search_url>http://search-recherche.gc.ca/cgi-bin/query?mss=canada%2Fen%2Fsimple&amp;pg=q&amp;enc=iso88591&amp;site=main&amp;bridge=&amp;stt=&amp;lowercaseq=&amp;what=web&amp;user=searchintranet&amp;browser=N6E&amp;kl=XX&amp;op=a&amp;q={$formKeywords}</search_url>
			
		</search>
		<search>
			<search_title>Directgov</search_title>
			<search_description>هي خدمة حكومية تتيح للناس الوصول إلى طيف واسع من المعلومات العامة والخدمات وأحدثها، ضمن موقع واحد على الإنترنت وعلى التلفاز الرقمي. إنه يستعمل المواصفات المصاغة والمنصوص عليها عبر UK GovTalk.</search_description>
			<url>http://www.direct.gov.uk</url>
			<search_url>http://www.direct.gov.uk/AdvancedSearch/SearchResults/fs/en?NP=1&amp;PO1=C&amp;PI1=W&amp;PF1=A&amp;PG=1&amp;RP=20&amp;SC=__dgov_site&amp;Z=1&amp;PT1={$formKeywords}</search_url>
			
		</search>
		<search>
			<search_title>Info4local.gov.uk</search_title>
			<search_description>معلومات الحكومة المحلية من الحكومة المركزية. هذا الموقع يعطي السلطات المحلية طريقة سهلة وسريعة للعثور على البيانات عبر الإنترنت مما يخص وزارات الحكومة المركزية، الوكالات، والممثليات العامة. إنه يضم معلومات واسعة لتطبيق الحوكمة الالكترونية.</search_description>
			<url>http://www.info4local.gov.uk</url>
			<search_url>http://www.info4local.gov.uk/?view=Search+results&amp;subjects=all&amp;departmentsIds=0&amp;informationTypesIds=all&amp;query={$formKeywords}</search_url>
			
		</search>
		<search>
			<search_title>مدخل الحكومة النيوزلندية</search_title>
			<search_description>هو موقع يتيح عمليات البحث مع روابط لمعلومات وخدمات آنية وغير آنية لمختلف الوكالات الحكومية. هذا الموقع يدار ويدام من قبل مفوضية خدمات الدولة، وهي إحدى الوزارات الحكومية.</search_description>
			<url>http://www.govt.nz</url>
			<search_url>http://www.govt.nz/search?type=spider&amp;t=spider&amp;q={$formKeywords}</search_url>
			
		</search>
		<search>
			<search_title>Europa</search_title>
			<search_description>المعلومات الحالية عن الدول الأعضاء في الاتحاد الأوربي، بضمنها بيانات إحصائية، سياسات، أخبار، وثائق رسمية، نصوص قانونية، ومنشورات أخرى.</search_description>
			<url>http://europa.eu.int/index_en.htm</url>
			<search_url>http://europa.eu.int/geninfo/query/resultaction.jsp?page=1</search_url>
			<search_post>Collection=EuropaFull&amp;ResultTemplate=/result_en.jsp&amp;ResultCount=25&amp;qtype=simple&amp;ResultMaxDocs=200&amp;DefaultLG=en&amp;QueryText={$formKeywords}</search_post>			
		</search>
		<search>
			<search_title>شبكة المعلومات القانونية العالمية (GLIN)</search_title>
			<search_description>هي قاعدة بيانات للقوانين، التشريعات، القرارات القضائية، ومصادر قانونية تكميلية أخرى شاركت بها الوكالات الحكومية والمنظمات العالمية. أعضاء هذه الشبكة يساهمون بالنصوص الكاملة من الوثائق المنشورة لإدراجها في قاعدة البيانات وبلغاتها الأصلية. كل وثيقة يصاحبها موجز باللغة الإنجليزية وعبارات إصطلاحية منتخبة من الفهرس متعدد اللغات لقاعدة البيانات.</search_description>
			<url>http://www.glin.gov</url>
			<search_url>http://www.glin.gov/search.do?refineQuery=&amp;offset=0&amp;refineQueryType=&amp;fromSearch=true&amp;queryType=ALL&amp;searchBtn=Search&amp;includeAllFields=on&amp;searchAll=on&amp;sumLanguage=any&amp;pubLanguage=any&amp;pubJurisdiction=any&amp;publicationJurisdictionExclude=false&amp;searchPublicationDate=true&amp;dateFromDay=01&amp;dateFromMonth=01&amp;dateFromYear=&amp;dateToDay=01&amp;dateToMonth=01&amp;dateToYear=&amp;subjTerm=&amp;subjTermConjunction%5B0%5D=AND&amp;subjTerm=&amp;subjTermConjunction%5B1%5D=AND&amp;subjTerm=&amp;subjTermConjunction%5B2%5D=AND&amp;subjTerm=&amp;subjTermConjunction%5B3%5D=AND&amp;subjTerm=&amp;searchOrder=default&amp;hitsPerPage=10&amp;showSummary=on&amp;queryString={$formKeywords}</search_url>
			
		</search>
		<search>
			<search_title>FirstGov</search_title>
			<search_description>FirstGov (الحكومة الأمريكية الفيدرالية) هي شراكة عامة - خاصة، تدار من قبل مجلس وكالة مزدوج.</search_description>
			<url>http://www.firstgov.gov/</url>
			<search_url>http://www.firstgov.gov/fgsearch/index.jsp?db=www&amp;st=AS&amp;ms0=should&amp;mt0=all&amp;rn=2&amp;parsed=true&amp;x=2&amp;y=8&amp;mw0={$formKeywords}</search_url>
			
		</search>
		<search>
			<search_title>مواقع كندا</search_title>
			<search_description>بمثابة بوابة للمعلومات والخدمات تديرها حكومة كندا وكل من محافظاتها.</search_description>
			<url>http://www.canada.gc.ca/main_e.html</url>
			<search_url>http://search-recherche.gc.ca/cgi-bin/query?mss=canada%2Fen%2Fsimple.html&amp;enc=iso88591&amp;pg=q&amp;kl=en&amp;site=main&amp;q={$formKeywords}</search_url>
			
		</search>
	</context>
	<context>
		<context_title>تقارير وسائل الإعلام</context_title>
		<context_abbrev>تقارير وسائل الإعلام</context_abbrev>
		<context_description>الشروع مباشرة بعملية بحث استناداً إلى موضوع المقالة أو الورقة التي تربط المستخدم بالمحتوى المجاني والمقالات المحفوظة في ذلك الحقل من الصحف الرئيسية حول العالم.</context_description>

		<search>
			<search_title>أخبار Google</search_title>
			<search_description>البحث في التقارير الخبرية باستعمال محرك البحث الشائع ضمن خدمة أخبار Google.</search_description>
			<url>http://news.google.com/</url>
			<search_url>http://news.google.com/news?hl=en&amp;q={$formKeywords}</search_url>
			
		</search>
		<search>
			<search_title>أخبار العلوم اليومية من NewScientist</search_title>
			<search_description>تقدم أخباراً علمية يتم تحديثها طيلة اليوم.</search_description>
			<url>http://www.newscientist.com/news/</url>
			<search_url>http://www.newscientist.com/search.ns?doSearch=true&amp;query={$formKeywords}</search_url>
			
		</search>
		<search>
			<search_title>تحديثات العلوم الطبيعية</search_title>
			<search_description>تقدم قصص إخبارية يومية يكتبها محررو مجلة الطبيعة.</search_description>
			<url>http://www.nature.com/nsu/</url>
			<search_url>http://search.nature.com/search/?sp-x-9=cat&amp;sp-q-9=NEWS&amp;submit=go&amp;sp-a=sp1001702d&amp;sp-sfvl-field=subject%7Cujournal&amp;sp-t=results&amp;sp-x-1=ujournal&amp;sp-p-1=phrase&amp;sp-p=all&amp;sp-q={$formKeywords}</search_url>
			
		</search>
		<search>
			<search_title>أخبار العلوم على الإنترنت</search_title>
			<search_description>هي واحدة من أكثر المجلات العلمية فائدة والمتاحة على الإنترنت. هذه المجلة الأسبوعية ذات الخمس والسبعين عاماً يضع عدداً كريماً من النصوص الكاملة للمقالات العلمية على الإنترنت أسبوعياً، لتضيفها إلى مجموعة الأرشيف فيها منذ 1994 حتى الآن.</search_description>
			<url>http://www.sciencenews.org/search.asp</url>
			<search_url>http://www.sciencenews.org/pages/search_results.asp?search={$formKeywords}</search_url>
			
		</search>
		<search>
			<search_title>الأرشيف العلمي الأمريكي</search_title>
			<search_description>هو مصدر علمي تقني متاح على الإنترنت يتيح الوصول إلى كل صفحة وكل إصدار من مجلة العلمي الأمريكي منذ 1993 حتى الآن.</search_description>
			<url>http://www.sciamdigital.com/</url>
			<search_url>http://www.sciamdigital.com/index.cfm?fa=Search.ViewSearchForItemResultList&amp;AUTHOR_CHAR=&amp;TITLE_CHAR=&amp;FullText_CHAR={$formKeywords}</search_url>
			
		</search>
		<search>
			<search_title>Newsdirectory</search_title>
			<search_description>هي دليل شامل قابل للبحث في وسائل الإعلام الناطقة باللغة الإنجليزية حول العالم. حالياً أكثر من ثمانية آلاف صحيفة ومجلة مدرجة فيه، فضلاً عن أكثر من ألف محطة تلفزيونية أمريكية.</search_description>
			<url>http://www.newsdirectory.com/</url>
			<search_url>http://www.newsdirectory.com/hbSearch.php</search_url>
			<search_post>s={$formKeywords}&amp; submit=Go</search_post>
			
		</search>
	</context>
	<context>
		<context_title>البحث في الإنترنت</context_title>
		<context_abbrev>البحث في الإنترنت</context_abbrev>
		<context_description>أدخل عبارات البحث في موارد الإنترنت عبر محركات البحث المتنوعة.</context_description>

		<search>
			<search_title>Google</search_title>
			<search_description>البحث باستعمال محرك البحث الأشهر عالمياً.</search_description>
			<url>http://www.google.com/</url>
			<search_url>http://www.google.com/search?q={$formKeywords}</search_url>
			
		</search>
		<search>
			<search_title>الباحث العلمي من Google</search_title>
			<search_description>الباحث العلمي من Google يتيح عمليات البحث المتخصصة بالأعمال الأدبية العلمية، بضمنها الأوراق المحكمة، الأطاريح والرسائل، الكتب، الطبعات الأولية، الملخصات، والتقارير التقنية. المحتوى يشمل مدى من الناشرين والتجمعات العلمية التي لها اتفاقيات قائمة مع Google، مثل: رابطة المكائن الحاسوبية، IEEE، مكتبة  Open WorldCat لـ OCLC... إلخ. نتائج العرض ستُظهر نسخ تجاميع مختلفة، وتحليل للاقتباسات، وموقع المكتبة (حالياً كتب فقط).</search_description>
			<url>http://scholar.google.com</url>
			<search_url>http://scholar.google.com/scholar?ie=UTF-8&amp;oe=UTF-8&amp;hl=en&amp;q={$formKeywords}</search_url>
			
		</search>
		<search>
			<search_title>Clusty the Clustering Engine</search_title>
			<search_description>أداة البحث هذه المقدمة من Vivismo تقدم نتائج متشعبة لعمليات بحث منتخبة. البحث في البيانات الوصفية عبر الإنترنت بالكامل أو استعمال علامات التبويب للبحث في الأخبار، الإشاعات، الصور أو المنتجات عبر Bizrate أو eBay.</search_description>
			<url>http://clusty.com/about</url>
			<search_url>http://clusty.com/search?query={$formKeywords}</search_url>
			
		</search>
		<search>
			<search_title>Vivisimo</search_title>
			<search_description>تقنية Vivisimo المتشعبة الحائزة على جائزة، طورها علماء أبحاث في Carnegie Mellon، وهي تستثمر المعلومات المخزنة عند شركات Fortune 500، وأهم المواقع الالكترونية، والناشرين المعتبرين، والوكالات الحكومية عبر تصنيف نتائج البحث آنياً في قوائم مرتبة ذات معنى، وبهذا، التوصل إلى تحسين ثوري في الوصول إلى المعلومات ذات الصلة.</search_description>
			<url>http://vivisimo.com</url>
			<search_url>http://vivisimo.com/search?tb=homepage&amp;v%3Asources=Web&amp;query={$formKeywords}</search_url>
			
		</search>
	</context>
</version>
