<?xml version="1.0" encoding="UTF-8"?>
<!DOCTYPE version SYSTEM "../../lib/pkp/dtd/rtVersion.dtd">

<!--
  * Life_Sciences.xml
  *
  * Copyright (c) 2013-2014 Simon Fraser University Library
  * Copyright (c) 2003-2014 John Willinsky
  * Distributed under the GNU GPL v2. For full terms see the file docs/COPYING.
  *
  * Reading Tools version: Life Sciences (ar_IQ)
  *
  -->

<version id="Life_Sciences" locale="ar_IQ">
	<version_title>علوم الحياة</version_title>
	<version_description>أدوات القراءة يمكنها مساعدة قراء هذه الدراسة في الرجوع إلى مدى واسع من الموارد ذات الصلة، التي بإمكانها أن تكون منطلقاً لترجمة الدراسة، أو الاقتباس منها أو تقييمها.</version_description>

	<context>
		<context_title>عمل المؤلف</context_title>
		<context_abbrev>أعمال الآخرين</context_abbrev>
		<context_description>حدد أعمال أخرى حسب مؤلفيها باستعمال محركات بحث OAI.</context_description>
		<author_terms />
		<search>
			<search_title>الباحث العلمي من Google</search_title>
			<search_description>الباحث العلمي من Google يتيح عمليات البحث المتخصصة بالأعمال الأدبية العلمية، بضمنها الأوراق المحكمة، الأطاريح والرسائل، الكتب، الطبعات الأولية، الملخصات، والتقارير التقنية. المحتوى يشمل مدى من الناشرين والتجمعات العلمية التي لها اتفاقيات قائمة مع Google، مثل: رابطة المكائن الحاسوبية، IEEE، مكتبة  Open WorldCat لـ OCLC... إلخ. نتائج العرض ستُظهر نسخ تجاميع مختلفة، وتحليل للاقتباسات، وموقع المكتبة (حالياً كتب فقط).</search_description>
			<url>http://scholar.google.com</url>
			<search_url>http://scholar.google.com/scholar?ie=UTF-8&amp;oe=UTF-8&amp;hl=eng&amp;as_sauthors={$formKeywords}</search_url>
			
		</search>
		<search>
			<search_title>OAIster (Open Archives Initiative research databases)</search_title>
			<search_description>OAIster هو مشروع لجامعة مشغان لخدمات إنتاج المكتبة الرقمية، ويوفر عملية البحث ضمن مجاميع موارد متنوعة في مؤسسات عديدة. هذه المؤسسات جعلت سجلات مواردها الرقمية متاحة مجاناً، وفريق المشروع جمعها ضمن خدمة OAIster.</search_description>
			<url>http://oaister.umdl.umich.edu/</url>
			<search_url>http://oaister.umdl.umich.edu/cgi/b/bib/bib-idx?type=boolean&amp;size=10&amp;c=oaister&amp;q1=&amp;rgn1=entire+record&amp;op2=and&amp;q2=&amp;rgn2=entire+record&amp;op3=And&amp;q3=&amp;rgn3=title&amp;op4=And&amp;rgn4=author&amp;op5=And&amp;q5=&amp;rgn5=subject&amp;op6=And&amp;rgn6=norm&amp;q6=all+types&amp;sort=author%2Fcreator&amp;submit2=search&amp;q4={$formKeywords}</search_url>
			
		</search>
		<search>
			<search_title>Scirus</search_title>
			<search_description>يبحث في كل من مواد المجلات المجانية والمقيدة بالاشتراكات. هي حالياً تغطي: الإنترنت، ScienceDirect، MEDLINE في BioMedNet، Beilstein في ChemWeb، Neuroscion، BioMed المركزي، وبراءات الاختراع من USPTO.</search_description>
			<url>http://www.scirus.com/</url>
			<search_url>http://www.scirus.com/search_simple/?frm=simple&amp;dsmem=on&amp;dsweb=on&amp;wordtype_1=phrase&amp;query_1={$formKeywords}</search_url>
			
		</search>
		<search>
			<search_title>حاصود المحفوظات المفتوحة لمشروع المعرفة العامة</search_title>
			<search_description>هو نظام فهرسة مجاني للبيانات الوصفية، مطور من قبل مشروع المعرفة العامة عبر جهود تمويله الفدرالية لتوسيع وتحسين الوصول إلى الأبحاث. وهو يتيح لك إنشاء فهرس قابل للبحث من البيانات الوصفية لمبادرة المحفوظات المفتوحة، مثل المواقع التي تعمل بنظام المجلات المفتوحة أو أنظمة المؤتمرات المفتوحة.</search_description>
			<url>http://pkp.sfu.ca/harvester/</url>
			<search_url>http://pkp.sfu.ca/harvester/search.php?limit=author&amp;query={$formKeywords}</search_url>
			
		</search>
		<search>
			<search_title>مراكز السيطرة على المرض ومنعه (CDC)</search_title>
			<search_description>يتيح الوصول إلى النص الكامل من MMWR وإلى غيره من منشورات المراكز المناظرة ومحفوظات البيانات. يمكن البحث في المحفوظات عبر CDC Wonder.</search_description>
			<url>http://www.cdc.gov/</url>
			<search_url>http://www.cdc.gov/search.do?action=search&amp;x=0&amp;y=0&amp;queryText={$formKeywords}</search_url>
			
		</search>
		<search>
			<search_title>HighWire</search_title>
			<search_description>هي واحدة من أكثر المجلات العلمية تأثيراً في مجال العلوم، التقنية، والطب. حتى آذار 2002، تضمنت هذه المجلة 11785877 مقالة في أكثر من 4500 مجلة تابعة، و405385 من النصوص الكاملة لمقالات من 321 مجلة أساسية.</search_description>
			<url>http://highwire.stanford.edu/lists/freeart.dtl</url>
			<search_url>http://highwire.stanford.edu/cgi/searchresults?andorexactfulltext=and&amp;resourcetype=1&amp;src=hw&amp;fulltext=&amp;pubdate_year=&amp;volume=&amp;firstpage=&amp;disp_type=&amp;author1={$formKeywords}</search_url>
			
		</search>
		<search>
			<search_title>MEDLINE/PubMed</search_title>
			<search_description>هي قاعدة بيانات المكتبة الوطنية للطب، تضم مراجع لأكثر من 11 مليون مقالة منشورة في 4300 مجلة متخصصة في الطب الحياتي.</search_description>
			<url>http://www.ncbi.nlm.nih.gov/pubmed/</url>
			<search_url>http://www.ncbi.nlm.nih.gov/entrez/query.fcgi?db=PubMed&amp;orig_db=PubMed&amp;cmd=search&amp;cmd_current=&amp;query_key=1&amp;term={$formKeywords}</search_url>
			
		</search>
		<search>
			<search_title>NetPrints</search_title>
			<search_description>تقدم للمؤلفين فرصة أرشفة دراساتهم الكاملة، قبل، أثناء، وبعد التحكيم المناظر الذي تجريه وكالات أخرى. تركيزه ينصب على البحوث الأصيلة في الطب السريري والصحة.</search_description>
			<url>http://clinmed.netprints.org/search.dtl</url>
			<search_url>http://www.google.com/search?hl=en&amp;q=site%3Aclinmed.netprints.org+{$formKeywords}</search_url>
			
		</search>
		<search>
			<search_title>Intute: الصحة وعلوم الحياة</search_title>
			<search_description>هي خدمة مجانية على الإنترنت تتيح لك الوصول لأفضل المصادر في مجالات التعليم والبحث العلمي، وهي مقيمة ومنتخبة من قبل شبكة من المتخصصين. هناك أكثر من 31 ألف وصف لمورد مدرجة هنا ومتاحة مجاناً عبر البحث عن الكلمة المفتاحية أو التصفح.

هذه الخدمة كانت تعرف سابقاً باسم BIOME.</search_description>
			<url>http://www.intute.ac.uk/healthandlifesciences/</url>
			<search_url>http://www.intute.ac.uk/healthandlifesciences/cgi-bin/search.pl?submit.x=20&amp;submit.y=16&amp;submit=Go&amp;limit=0&amp;subject=healthandlifesciences&amp;term1={$formKeywords}</search_url>
			
		</search>
	</context>
	<context>
		<context_title>البحث عن المصطلحات</context_title>
		<context_abbrev>البحث عن المصطلحات</context_abbrev>
		<context_description>أنقر نقراً مزدوجاً على أي كلمة في النص وستظهر في صندوق &quot;تعريف المصطلحات&quot;. بإمكانك أيضاً طباعة الكلمات أو لصقها فيه. ثم استعمل وظيفة البحث للعثور على تعريف للكلمة. تم اختيار هذه الموارد كونها ذات صلة ومجانية، إذ تتيح الوصول لكل أو بعض محتواها مجاناً.</context_description>
		<define_terms />
		<search>
			<search_title>Google</search_title>
			<search_description>البحث عن تعاريف باستعمال محرك البحث الشائع.</search_description>
			<url>http://www.google.com/</url>
			<search_url>http://www.google.com/search?hl=en&amp;q=define%3A{$formKeywords}</search_url>
			
		</search>
		<search>
			<search_title>ADAM الموسوعة الطبية</search_title>
			<search_description>تضم ما يزيد عن 4 آلاف مقالة عن: الأمراض، الاختبارات، الأعراض، الإصابات، والعمليات الجراحية. وهي تضم أيضاً مكتبة شاملة للصور الطبية والرسومات التوضيحية.</search_description>
			<url>http://www.nlm.nih.gov/medlineplus/encyclopedia.html</url>
			<search_url>http://search.nlm.nih.gov/medlineplus/query?DISAMBIGUATION=true&amp;FUNCTION=search&amp;SHOWTOPICS=5&amp;SERVER2=server2&amp;SERVER1=server1&amp;ASPECT=-1&amp;START=0&amp;END=0&amp;x=29&amp;y=10&amp;PARAMETER={$formKeywords}</search_url>
			
		</search>
		<search>
			<search_title>قاموس علوم الحياة من BioTech</search_title>
			<search_description>يتألف من أكثر من 8300 مصطلح يتعلق بالكيمياء الاحيائية، التقنية الاحيائية، علم النبات، علم حياة الخلية، وعلم الجينات، فضلاً عن مداخل منتخبة في علم البيئة، علم البحيرات، علم العقاقير، السموم، والطب.</search_description>
			<url>http://biotech.icmb.utexas.edu/search/dict-search.html</url>
			<search_url>http://biotech.icmb.utexas.edu/search/dict-search2.html?bo1=AND&amp;search_type=normal&amp;def=&amp;word={$formKeywords}</search_url>
			
		</search>
		<search>
			<search_title>MedTerms فهرس القاموس الطبي</search_title>
			<search_description>هي قاموس طبي لموسوعة أنشأها الأطباء، يتم تحديثها بشكل يومي تقريباً. يمكن تصفحها باستعمال فهرس أ إلى ي في أعلى الصفحة، أو عبر طباعة العبارة في مربع البحث ثم النقر على زر البحث.</search_description>
			<url>http://www.medicinenet.com/script/main/AlphaIdx.asp?li=MNI&amp;p=A_DICT</url>
			<search_url>http://www.medicinenet.com/script/main/srchCont.asp?li=MNI&amp;ArtTypeID=DICT&amp;op=MM&amp;SRC={$formKeywords}</search_url>
			
		</search>
		<search>
			<search_title>Merriam-Webster Online</search_title>
			<search_description>قاموس مؤسس على الطبعة العاشرة لكلية Webster، 1993، مع تحديثات تضاف له سنوياً. فيه أكثر من 160 ألف مدخل. كل كلمة يرافقها تعريفها ولفظها واستعمالاتها ومحدداتها القواعدية وتحليل موجز لأصلها. عند الإدخال الإملائي الخاطئ يقترح الموقع التصحيح. نظام البحث الداخلي فيه يدعم الحروف البديلة والبحث عبر استقطاع الجزء الأيمن من الكلمة. يتضمن دليل لفظي موسع وملفات صوتية للكثير من المصطلحات.</search_description>
			<url>http://www.merriam-webster.com/</url>
			<search_url>http://www.merriam-webster.com/cgi-bin/dictionary?book=Dictionary&amp;va={$formKeywords}</search_url>
			
		</search>
		<search>
			<search_title>قواميس OneLook</search_title>
			<search_description>هو قاموس يبحث في البيانات الوصفية للقواميس الأخرى. أدخل كلمة إنجليزية أو اختصاراً، وسيقوم بالبحث عن فهارسها ضمن 5292362 كلمة في 934 قاموس مفهرس ما بين عام ومتخصص.</search_description>
			<url>http://www.onelook.com/index.html</url>
			<search_url>http://www.onelook.com/?ls=a&amp;w={$formKeywords}</search_url>
			
		</search>
		<search>
			<search_title>القاموس الطبي على الإنترنت</search_title>
			<search_description>بدأ القاموس أوائل عام 1997 ثم بدأ ينمو، ليضم أكثر من 46 ألف تعريف بحجم إجمالي 17.5 ميغا بايت. المداخل مترابطة بالتبادل مع بعضها ومع الموارد ذات الصلة خارج القاموس على الإنترنت. هو متاح مجاناً على الإنترنت، وهو قابل للبحث أنشأه الدكتور Graham Dark ويضم مصطلحات تتعلق بالكيمياء الاحيائية، علم حياة الخلية، الكيمياء، الطب، علم الحياة الجزيئي، الفيزياء، علم حياة النبات، علم الحياة الإشعاعي، العلوم والتقنية. يضم: مختصرات، لهجة اصطلاحية، نظريات، اتفاقيات، معايير قياسية، مؤسسات، مشاريع، تنسيب أشخاص لاكتشافاتهم، تأريخ، في الواقع، كل ما له علاقة بالطب والعلوم.</search_description>
			<url>http://cancerweb.ncl.ac.uk/cgi-bin/omd?</url>
			<search_url>http://cancerweb.ncl.ac.uk/cgi-bin/omd?query={$formKeywords}</search_url>
			
		</search>
		<search>
			<search_title>Wikipedia: The Free Encyclopedia</search_title>
			<search_description>&quot;هي موسوعة مجانية ساهم المشاركون من أنحاء العالم في كتابتها. معنى تسمية الموقع أن أي شخص بإمكانه تعديل أي مقال&quot;. بدون إشراف لهيئة تحرير، لذلك فإن رصانة المحتوى المنشور على الموقع متباين بشكل هائل، لكنه جدير بالمعاينة. النسخة الإنجليزية تضم مئات الآلاف من المداخل. كما أنه يقدم نسخ أخرى بالفرنسية والإسبانية ولغات أخرى أيضاً.</search_description>
			<url>http://en.wikipedia.org/wiki/Main_Page</url>
			<search_url>http://en.wikipedia.org/wiki/Special:Search?go=Go&amp;fulltext=Search&amp;search={$formKeywords}</search_url>
			
		</search>
		<search>
			<search_title>Infoplease.com</search_title>
			<search_description>هذا الموقع يتضمن محتوى Information Please Almanacs، وهي قاعدة بيانات للترجمة الذاتية أو السيرة، وقاموس، وأطلس ومقالات من موسوعة كولومبيا. يمكنك البحث في هذه المراجع الجاهزة ككل أو بشكل منفصل أو تصفح الموقع. هناك قصص مميزة كل أسبوع تغطي مواضيع خبرية، مع روابط وثيقة الصلة بمحتوى الموقع وموارد أخرى في الإنترنت.</search_description>
			<url>http://www.infoplease.com</url>
			<search_url>http://www.infoplease.com/search?fr=iptn&amp;in=all&amp;x=0&amp;y=0&amp;query={$formKeywords}</search_url>
			
		</search>
	</context>
	<context>
		<context_title>دراسات ذات صلة</context_title>
		<context_abbrev>دراسات ذات صلة</context_abbrev>
		<context_description>الوصول إلى دراسات مماثلة عبر تأسيس رابط إلى قاعدة بيانات مفتوحة (مجانية)، مع ملخصات و/أو نصوص كاملة متعلقة بموضوعك.</context_description>

		<search>
			<search_title>مراكز السيطرة على المرض ومنعه (CDC)</search_title>
			<search_description>يتيح الوصول إلى النص الكامل من MMWR وإلى غيره من منشورات المراكز المناظرة ومحفوظات البيانات. يمكن البحث في المحفوظات عبر CDC Wonder.</search_description>
			<url>http://www.cdc.gov/</url>
			<search_url>http://www.cdc.gov/search.do?action=search&amp;x=0&amp;y=0&amp;queryText={$formKeywords}</search_url>
			
		</search>
		<search>
			<search_title>ClinicalTrials.gov</search_title>
			<search_description>ClinicalTrials.gov (المؤسسات الوطنية للصحة)، توفر معلومات للمرضى عن الدراسات البحثية السريرية.</search_description>
			<url>http://www.clinicaltrials.gov</url>
			<search_url>http://search.nhsdirect.nhs.uk/kbroker/nhsdirect/nhsdirect/search.lsim?hs=0&amp;sm=0&amp;ha=1054&amp;sc=nhsdirect&amp;mt=0&amp;sb=0&amp;nh=3&amp;qt={$formKeywords}</search_url>
			
		</search>
		<search>
			<search_title>Scirus</search_title>
			<search_description>يبحث في كل من مواد المجلات المجانية والمقيدة بالاشتراكات. هي حالياً تغطي: الإنترنت، ScienceDirect، MEDLINE في BioMedNet، Beilstein في ChemWeb، Neuroscion، BioMed المركزي، وبراءات الاختراع من USPTO.</search_description>
			<url>http://www.scirus.com/</url>
			<search_url>http://www.scirus.com/search_simple/?frm=simple&amp;dsmem=on&amp;dsweb=on&amp;wordtype_1=phrase&amp;query_1={$formKeywords}</search_url>
			
		</search>
		<search>
			<search_title>Emedicine</search_title>
			<search_description>هي دليل للمقالات الطبية المجانية على الإنترنت والحديثة في نفس الوقت، قابل للبحث، الكتب الدراسية الطبية المحكمة للأطباء، الأطباء البيطريين، طلبة العلوم الطبية، مساعدي الأطباء، ممارسي التمريض، الممرضين، وللعامة.</search_description>
			<url>http://www.emedicine.com/</url>
			<search_url>http://www.emedicine.com/cgi-bin/foxweb.exe/searchengine@/em/searchengine?boolean=and&amp;book=all&amp;maxhits=100&amp;HiddenURL=&amp;query={$formKeywords}</search_url>
			
		</search>
		<search>
			<search_title>HealthWeb</search_title>
			<search_description>يوفر روابط لتقييم مصادر المعلومات المنتخبة من قبل أمناء المكتبات ومحترفي المعلومات في المراكز الطبية الأكاديمية في  الغرب الأوسط. الهدف هو تلبية الحاجة إلى المعلومات الصحية لكل من محترفي الرعاية الصحية والمستهلكين. هو مشروع تعاوني بين: مكتبات العلوم الصحية لمنطقة الغرب الأوسط الكبرى، والشبكة الوطنية لمكتبات الطب، وهيئة التعاون المؤسسي.</search_description>
			<url>http://www.healthweb.org/</url>
			<search_url>http://www.healthweb.org/quicksearch_results5.cfm?StartRow=1&amp;maxrows=25&amp;Criteria_required=You+Must+enter+a+Keyword&amp;where=1&amp;criteria={$formKeywords}</search_url>
			
		</search>
		<search>
			<search_title>HighWire</search_title>
			<search_description>هي واحدة من أكثر المجلات العلمية تأثيراً في مجال العلوم، التقنية، والطب. حتى آذار 2002، تضمنت هذه المجلة 11785877 مقالة في أكثر من 4500 مجلة تابعة، و405385 من النصوص الكاملة لمقالات من 321 مجلة أساسية.</search_description>
			<url>http://highwire.stanford.edu/lists/freeart.dtl</url>
			<search_url>http://highwire.stanford.edu/cgi/searchresults?andorexactfulltext=and&amp;resourcetype=1&amp;author1=&amp;src=ml&amp;disp_type=&amp;fulltext={$formKeywords}</search_url>
			
		</search>
		<search>
			<search_title>MEDLINE/PubMed</search_title>
			<search_description>هي قاعدة بيانات المكتبة الوطنية للطب، تضم مراجع لأكثر من 11 مليون مقالة منشورة في 4300 مجلة متخصصة في الطب الحياتي references to more than 11 million articles published in 4300 biomedical journals.</search_description>
			<url>http://www.ncbi.nlm.nih.gov/pubmed/</url>
			<search_url>http://www.ncbi.nlm.nih.gov/entrez/query.fcgi?db=PubMed&amp;orig_db=PubMed&amp;cmd=search&amp;cmd_current=&amp;query_key=1&amp;term={$formKeywords}</search_url>
			
		</search>
		<search>
			<search_title>MEDLINEplus</search_title>
			<search_description>ستوجهك إلى معلومات تساعدك في إجابة الأسئلة الصحية. هي تضم المعلومة الرسمية من المكتبة الصحية الأكبر عالمياً، المكتبة الوطنية للطب للمؤسسات الوطنية للصحة. مصمم لكل من محترفي الصحة والمستهلكين. هذه الخدمة تقدم معلومات شاملة عن أمراض وأعراض معينة.</search_description>
			<url>http://medlineplus.gov/</url>
			<search_url>http://search.nlm.nih.gov/medlineplus/query?DISAMBIGUATION=true&amp;FUNCTION=search&amp;SERVER2=server2&amp;SERVER1=server1&amp;PARAMETER={$formKeywords}</search_url>
			
		</search>
		<search>
			<search_title>NetPrints</search_title>
			<search_description>تقدم للمؤلفين فرصة أرشفة دراساتهم الكاملة، قبل، أثناء، وبعد التحكيم المناظر الذي تجريه وكالات أخرى. تركيزه ينصب على البحوث الأصيلة في الطب السريري والصحة.</search_description>
			<url>http://clinmed.netprints.org/search.dtl</url>
			<search_url>http://www.google.com/search?hl=en&amp;q=site%3Aclinmed.netprints.org+{$formKeywords}</search_url>
			
		</search>
		<search>
			<search_title>Intute: الصحة وعلوم الحياة</search_title>
			<search_description>هي خدمة مجانية على الإنترنت تتيح لك الوصول لأفضل المصادر في مجالات التعليم والبحث العلمي، وهي مقيمة ومنتخبة من قبل شبكة من المتخصصين. هناك أكثر من 31 ألف وصف لمورد مدرجة هنا ومتاحة مجاناً عبر البحث عن الكلمة المفتاحية أو التصفح.</search_description>
			<url>http://www.intute.ac.uk/healthandlifesciences/</url>
			<search_url>http://www.intute.ac.uk/healthandlifesciences/cgi-bin/search.pl?submit.x=20&amp;submit.y=16&amp;submit=Go&amp;limit=0&amp;subject=healthandlifesciences&amp;term1={$formKeywords}</search_url>
			
		</search>
	</context>
	<context>
		<context_title>متعددات الوسائط</context_title>
		<context_abbrev>متعددات الوسائط</context_abbrev>
		<context_description>Multimedia content</context_description>

		<search>
			<search_title>مشروع الفيديو المفتوح</search_title>
			<search_description>هو مجموعة منتخبة من الفيدوات المتاحة للعامة والمتعلقة بالبحوث وغيرها من الأغراض. الهدف منه تجميع وإنشاء مستودع للمحتوى الفيدوي الرقمي لمتعددات الوسائط والمكتبة الرقمية وغيرها من المجتمعات البحثية.</search_description>
			<url>http://www.open-video.org/index.php</url>
			<search_url>http://www.open-video.org/results.php?search_field=all&amp;terms={$formKeywords}</search_url>
			
		</search>
	</context>
	<context>
		<context_title>عمليات البحث في الكتب</context_title>
		<context_abbrev>عمليات البحث في الكتب</context_abbrev>
		<context_description>مصادر تتعلق بالكتب</context_description>

		<search>
			<search_title>Google Print</search_title>
			<search_description>تعمل Google مع مكتبات جامعات: مشغان، هارفارد، ستانفورد، أوكسفورد ومع المكتبة العامة في نيويورك لرقمنة الكتب التي بحوزتها وإتاحتها للناس عبر خدمة Google Print، وهو مشروع مسح ضوئي عملاق من شأنه إدخال ملايين المجلدات من الكتب المطبوعة في قاعدة بيانات. أنقر على عنوان الكتاب وستجد الصفحة التي تتضمن عبارة البحث التي استعملتها، كما بإمكانك البحث عن المزيد من المعلومات ضمن ذلك الكتاب تحديداً، والعثور على تنقيحات ومراجعات أو بيانات أخرى ذات صلة، والتعرف على جهة النشر، وكذلك شراء الكتاب والعثور على مكتبات قريبة تبيعه.</search_description>
			<url>http://print.google.com</url>
			<search_url>http://print.google.com/print?q={$formKeywords}</search_url>
			
		</search>
		<search>
			<search_title>صفحة الكتب على الإنترنت</search_title>
			<search_description>صفحة الكتب على الإنترنت، المحررة من قبل John Mark Ockerbloom من جامعة بنسلفانيا. هذه نقطة بداية ممتازة عند البحث عن النصوص الكاملة للكتب عبر الإنترنت. أكثر من 20 ألف عمل باللغة الإنجليزية بصيغ مختلفة متاح على الإنترنت عبر عدة مواقع. يمكن البحث فيه عبر العنوان أو المؤلف. لديه ميزة مثيرة للاهتمام حيث يسمح بالتصفح عبر أرقام فئات مكتبة الكونغرس. تُضاف له قوائم جديدة دورياً وهي مفروزة في صفحة مستقلة على الرابط &lt;a href=&quot;http://onlinebooks.library.upenn.edu/new.html&quot;&gt;http://onlinebooks.library.upenn.edu/new.html&lt;/a&gt;.</search_description>
			<url>http://digital.library.upenn.edu/books/</url>
			<search_url>http://onlinebooks.library.upenn.edu/webbin/book/search?tmode=words&amp;title={$formKeywords}</search_url>
			
		</search>
		<search>
			<search_title>Books-On-Line</search_title>
			<search_description>تجمُّع من أكثر من 32935 عنوان، رغم أن بعضها مقتطفات فقط. التصفح يكون عبر الموضوع أو البحث عبر المؤلف أو العنوان. ليست جميع المؤلفات مجانية.</search_description>
			<url>http://www.books-on-line.com/</url>
			<search_url>http://www.books-on-line.com/bol/KeyWordSearch.cfm?RowCount=50&amp;Searchquery={$formKeywords}</search_url>
			
		</search>
		<search>
			<search_title>المطبعة الأكاديمية الوطنية (NAP)</search_title>
			<search_description>تنشر أكثر من 200 كتاب سنوياً في مدى واسع من الموضوعات مثل: العلوم، الهندسة، الصحة... لتلتقط وجهات النظر الأكثر مصداقية عن القضايا الهامة في العلوم وسياسة الصحة.</search_description>
			<url>http://books.nap.edu/books/0309070317/html/177.html</url>
			<search_url>http://search.nap.edu/nap-cgi/napsearch.cgi?term={$formKeywords}</search_url>
			
		</search>
		<search>
			<search_title>المكتبة العالمية</search_title>
			<search_description>المكتبة العالمية تعتبر الأكثر تعمقاً والأكثر طموحاً. إنها تكدس مجموعة من نحو مئة ألف كتاب ألكتروني (بعضها من مشروع غوتنبرغ)، وهي تهدف إلى وصول مليون كتاب الكتروني في نهاية عام 2006.</search_description>
			<url>http://tera-3.ul.cs.cmu.edu/</url>
			<search_url>http://tera-3.ul.cs.cmu.edu/cgi-bin/DBscripts/advsearch_db.cgi?perPage=25&amp;listStart=0&amp;author1=&amp;subject1=Any&amp;year1=&amp;year2=&amp;language1=Any&amp;scentre=Any&amp;search=Search&amp;title1={$formKeywords}</search_url>
			
		</search>
	</context>
	<context>
		<context_title>Pay-per-view</context_title>
		<context_abbrev>Pay-per-view</context_abbrev>
		<context_description>هي خدمة مقدمة للذين ليس لهم حق الوصول المباشر لمقالات المجلات الالكترونية عبر الاشتراكات. هذه الخدمة تسمح للزبائن بالوصول المباشر لمقالة أو مؤلَّف معين عبر الدفع ببطاقات إئتمانية. بمجرد التحقق من تفاصيل الدفع آنياً، يمكن للمستخدم الحصول على ملف المقالة لمدة 30 يوم.</context_description>

		<search>
			<search_title>Ingenta</search_title>
			<search_description>هي تقيد الوصول إلى النص الكامل للمقالات العلمية، ورغم أن الحصول على تلك المؤلفات يكلف مالاً، إلا أن الموقع يمكن استعماله كفهرس مجاني لتلك المقالات والمؤلَّفات.</search_description>
			<url>http://www.ingenta.com/</url>
			<search_url>http://www.ingenta.com/isis/searching/Search/ingenta?database=1&amp;title={$formKeywords}</search_url>
			
		</search>
		<search>
			<search_title>ebrary</search_title>
			<search_description>الباحثون المستقلون الذين ليس لديهم وصول إلى قواعد بيانات ebrary عبر مكتباتهم، بإمكانهم الآن إنشاء حسابات منفردة بكلفة 5 دولارات فقط. موقع ebrary Discover يشمل عدة إختصاصات أكاديمية ويتيح الوصول بطريقة (أي وقت من أي مكان) لأكثر من 20 ألف عنوان مرخص من ضمنها: نصوص كاملة لكتب، أوراق موسيقية، تقارير... وغيرها من الوثائق المرخصة من أكثر من 175 ناشر رئيسي، مثل مطبعة جامعة كامبرج، Random House، Inc.، شركات McGraw-Hill... وغيرها.</search_description>
			<url>http://www.ebrary.com/corp/content.htm</url>
			<search_url>http://shop.ebrary.com/Top?layout=search&amp;f00=text&amp;p01=&amp;f01=subject&amp;d=journal&amp;l=en&amp;sch=%A0%A0%A0%A0%A0Search%A0%A0%A0%A0%A0&amp;frm=adv.x&amp;p00={$formKeywords}</search_url>
			
		</search>
		<search>
			<search_title>Questia</search_title>
			<search_description>تتيح الوصول لأكثر من 47 ألف كتاب و 375 ألف مقال في: مجلة وصحيفة وصحيفة إخبارية. كل الكتب والمقالات متاحة بشكل قابل للبحث في كل صفحة منها. كلفة الاشتراك تتراوح بين 19.05 دولار شهرياً إلى 119.95 دولار سنوياً.</search_description>
			<url>http://www.questia.com</url>
			<search_url>http://www.questia.com/SM.qst?act=search&amp;keywordsSearchType=1000&amp;mediaType=book&amp;mediaType=journal&amp;mediaType=magazine&amp;mediaType=newspaper&amp;mediaType=encyclopedia&amp;mediaType=startpage&amp;keywords={$formKeywords}</search_url>
			
		</search>
		<search>
			<search_title>TheScientificWorld</search_title>
			<search_description>يقدم تقنية sciBASE ليمنح وصولاً مفتوحاً لقواعد بيانات منتخبة لأدبيات علمية، تقنية، وطبية. هذه التقنية تتميز الآن بتوصيل رقمي مباشر للنصوص الكاملة من المقالات العلمية من أكثر من 700 مجلة منتجة عبر مساهمات الناشرين، وهذه التقنية فعالة خصوصاً للمستخدمين الذين لا يملكون دعماً من المكتبات (بيئة بلا وسيط).</search_description>
			<url>http://www.thescientificworld.com/</url>
			<search_url>http://www.thescientificworld.com/SCIENTIFICWORLDJOURNAL/search/SearchResults.asp?From=Main&amp;Terms={$formKeywords}</search_url>
			
		</search>
		<search>
			<search_title>Wiley InterScience Pay-per-view Service</search_title>
			<search_description>توفر هذه الخدمة وصولاً مباشراً للنصوص الكاملة لمجموعة هائلة من مقالات المجلات العلمية أو فصول الكتب المتاحة في Wiley InterScience دون الحاجة إلى اشتراك. هذه الخدمة تسمح لأي شخص بشراء الحصول على مقالات المجلات أو فصول الكتب مباشرة عبر بطاقة الإئتمان. الوصول آني ومتاح لمدة 24 ساعة.</search_description>
			<url>http://www3.interscience.wiley.com/aboutus/ppv-articleselect.html</url>
			<search_url>http://www3.interscience.wiley.com/search/allsearch</search_url>
			<search_post>allContentSearchForm=&amp;mode=quicksearch&amp;WISindexid1=WISall&amp;WISsearch1={$formKeywords}</search_post>			
		</search>
	</context>
	<context>
		<context_title>المواقع الصحية الحكومية</context_title>
		<context_abbrev>المواقع الصحية الحكومية</context_abbrev>
		<context_description>الوصول إلى مصادر المعلومات الصحية المقدمة من قبل الحكومة.</context_description>

		<search>
			<search_title>شبكة الصحة الكندية</search_title>
			<search_description>هي شبكة نامية، تجمع بين أفضل مصادر المعلومات من المؤسسات الكندية الأساسية وغيرها العالمية.</search_description>
			<url>http://www.canadian-health-network.ca/servlet/ContentServer?pagename=CHN-RCS/Page/HomePageTemplate&amp;cid=1038611684536&amp;c=Page&amp;lang=En</url>
			<search_url>http://www.canadian-health-network.ca/servlet/ContentServer?cid=1046357853421&amp;pagename=CHN-RCS%2FPage%2FSearchPageTemplate&amp;c=Page&amp;lang=En&amp;orderBy=ORDER_RANK&amp;searchType=ALL_WORDS&amp;logSearch=true&amp;searchStr={$formKeywords}</search_url>
			
		</search>
		<search>
			<search_title>Directgov</search_title>
			<search_description>هذه الخدمة تستبدل UK online لتكون بمثابة الموضع الذي يقدم آخر وأشمل معلومات الخدمات العامة من الحكومة البريطانية.</search_description>
			<url>http://www.direct.gov.uk/Homepage/fs/en</url>
			<search_url>http://www.direct.gov.uk/AdvancedSearch/SearchResults/fs/en?NP=1&amp;PO1=C&amp;PI1=W&amp;PF1=A&amp;PG=1&amp;RP=20&amp;SC=__dgov_site&amp;Z=1&amp;PT1={$formKeywords}</search_url>
			
		</search>
		<search>
			<search_title>HealthInsite</search_title>
			<search_description>يهدف لتحسين صحة الأستراليين عبر تسهيل الوصول إلى معلومات نوعية عن الصحة البشرية.</search_description>
			<url>http://www.healthinsite.gov.au</url>
			<search_url>http://www.healthinsite.gov.au/search97cgi/s97_cgi?Action=FilterSearch&amp;Filter=ve_quick_search_filter.hts&amp;ResultErrorTemplate=ve_error.hts&amp;ResultCount=10&amp;ResultMaxDocs=600&amp;gl_search_collection=full&amp;searchtype=simple&amp;collection=healthinsite_coll&amp;SortSpec=Score+desc+VDKDate_Modified+desc+VdkMeta_Title+asc+vdktarget_comp_num+asc&amp;ResultTemplate=ve_search_results_new.hts&amp;gl_search_text={$formKeywords}</search_url>
			
		</search>
		<search>
			<search_title>NHS Direct</search_title>
			<search_description>NHS Direct هو بوابة للمعلومات الصحية على الإنترنت في المملكة المتحدة. يقدم النصائح الصحية وتدعمه نصائح تمريضية 24 ساعة يومياً مع خط استعلامات صحية.</search_description>
			<url>http://www.nhsdirect.nhs.uk</url>
			<search_url>http://search.nhsdirect.nhs.uk/kbroker/nhsdirect/nhsdirect/search.lsim?hs=0&amp;sm=0&amp;ha=1054&amp;sc=nhsdirect&amp;mt=0&amp;sb=0&amp;nh=3&amp;qt={$formKeywords}</search_url>
			
		</search>
		<search>
			<search_title>PubMed Central</search_title>
			<search_description>هو أرشيف مجاني على الإنترنت للأوراق البحثية المحكمة في علوم الحياة.</search_description>
			<url>http://pubmedcentral.nih.gov/</url>
			<search_url>http://www.ncbi.nlm.nih.gov/entrez/query.fcgi?db=pmc&amp;cmd=search&amp;pmfilter_Fulltext=on&amp;pmfilter_Relevance=on&amp;term={$formKeywords}</search_url>
			
		</search>
	</context>
	<context>
		<context_title>مداخل ذات صلة</context_title>
		<context_abbrev>مداخل ذات صلة</context_abbrev>
		<context_description>يقدم مدخلاً لمواقع أخرى.</context_description>

		<search>
			<search_title>الدليل الوصفي Hardin لموارد الصحة على الإنترنت</search_title>
			<search_description>قائمة من القوائم المجمعة بواسطة مكتبة Hardin للعلوم الصحية في جامعة أيوا. مقسمة إلى قوائم روابط: أطول، متوسطة الطول، أقصر. إن جائزة Hardin MD Clean Bill في الصحة تُعطى لأفضل المواقع التي تكون لها نسبة اتصال 93 % على الأقل.</search_description>
			<url>http://www.lib.uiowa.edu/hardin/md/index.html</url>
			<search_url>http://search.atomz.com/search/?sp-a=00050f6e-sp00000000&amp;sp-q={$formKeywords}</search_url>
			
		</search>
		<search>
			<search_title>AMEDEO</search_title>
			<search_description>تم إنشاؤه لسد حاجات محترفي الرعاية الصحية. المكونات الأساسية فيه تضم رسائل بريد الكتروني أسبوعية مع قوائم تراجم عن المنشورات العلمية الحديثة، الصفحات الشخصية التي تتيح التنزيل المنفرد للملخصات، ونظرة عامة للأدبيات الصحية المنشورة في المجلات العلمية ذات الصلة خلال الأشهر 12 إلى 24 الأخيرة.</search_description>
			<url>http://www.amedeo.com</url>
			<search_url>http://www.google.com/custom?sa=Search&amp;sitesearch=www.amedeo.com&amp;q={$formKeywords}</search_url>
			
		</search>
	</context>
	<context>
		<context_title>قواعد بيانات</context_title>
		<context_abbrev>قواعد بيانات</context_abbrev>
		<context_description>تتيح الوصول إلى ملخصات مجانية و/أو قواعد بيانات لنصوص كاملة.</context_description>

		<search>
			<search_title>AMA منتخب الأطباء</search_title>
			<search_description>هذا الموقع لرابطة الطب الأمريكي يقدم: عناوين، تخصصات، معلومات تعليمية وغيرها من المعلومات الأولية عن الأطباء المجازين في الولايات المتحدة ومقاطعاتها. يمكن البحث حسب اسم الطبيب أو التخصص الطبي.</search_description>
			<url>http://www.ama-assn.org/aps/amahg.htm</url>
			<search_url>http://search.ama-assn.org/Search/query.html?qc=public+amnews&amp;qt={$formKeywords}</search_url>
			
		</search>
		<search>
			<search_title>قواعد بيانات الأمراض، النسخة 1.6؛ القوائم الطبية والروابط</search_title>
			<search_description>فهرس متداخل الروابط للأمراض البشرية، العلاجات، الأعراض، العلامات، اكتشافات التحقيقات غير الطبيعية... إلخ.؛ يقدم شبه فهرس لكتاب طبي مدرسي ومدخل بحث.</search_description>
			<url>http://www.diseasesdatabase.com/begin.asp?gif=1</url>
			<search_url>http://www.diseasesdatabase.com/item_choice.asp? bytSearchType=0&amp;strUserInput={$formKeywords}</search_url>
			
		</search>
		<search>
			<search_title>Drugs.com</search_title>
			<search_description>هو مصدر مجاني لمحترفي الصحة وللمستهلكين يقدم معلومات مناسبة وموثوقة عن الأدوية. الدراسات الدوائية مقدمة بكلا المستويين، للمحترفين، وللمستهلكين. يمكن العثور على المعلومات الدوائية عبر التصفح حسب الترتيب الهجائي للقوائم، أو عبر الاسم العام أو التجاري. دليل مضاعفات الدواء يتيح التحقق من مضاعفات الأدوية مع الأدوية، أو الأدوية مع الأغذية.</search_description>
			<url>http://www.drugs.com/</url>
			<search_url>http://www.drugs.com/search.php?is_main_search=1&amp;searchterm={$formKeywords}</search_url>
			
		</search>
		<search>
			<search_title>المركز الوطني للمعلومات البايولوجية</search_title>
			<search_description>إضافة إلى إدامة قاعدة بيانات سلاسل الحامض النووي في بنك المورثات، يقدم المركز تحليل للبيانات واسترجاع للمصادر التي تعمل على البيانات المتوفرة في بنك المورثات مع بيانات بايولوجية أخرى منتوعة متاحة عبر الموقع. مصادر استرجاع البيانات تضم: Entrez، PubMed، LocusLink، ومستعرض التصانيف. مصادر تحليل البيانات تضم: BLAST، Electronic PCR، OrfFinder، RefSeq، UniGene،  قواعد بيانات لنوكليوتيدات متعددة الأشكال (dbSNP)، صفحات سلاسل جينية بشرية، GeneMap '99، خارطة Davis Human-Mouse Homology، صفحات مشروع انحراف المورث السرطاني، Entrez Genomes، قاعدة بيانات عناقيد Orthologous Groups (COGs)، أدوات فيروسات الطراز العرقي، صفحات مشروع التشريح الجيني للسرطان (CGAP)، SAGEmap،الوراثة البشرية Mendelian (OMIM)، وقواعد بيانات النمذجة الجزيئية (MMDB).</search_description>
			<url>http://www.ncbi.nlm.nih.gov/</url>
			<search_url>http://www.ncbi.nlm.nih.gov/gquery/gquery.fcgi?term={$formKeywords}</search_url>
			
		</search>
		<search>
			<search_title>RxList</search_title>
			<search_description>فهرس الأدوية على الإنترنت؛ فهرس مترابط قابل للبحث لمنتجات الوصفات الطبية في الولايات المتحدة للمستهلكين ولمحترفي الرعاية الصحة على حدٍ سواء.</search_description>
			<url>http://www.rxlist.com/</url>
			<search_url>http://www.rxlist.com/cgi/rxlist.cgi?drug=acetaminophen</search_url>
			
		</search>
	</context>
	<context>
		<context_title>منتديات الإنترنت</context_title>
		<context_abbrev>منتديات الإنترنت</context_abbrev>
		<context_description>إختر منتديات الإنترنت المفتوحة (المجانية) التي من شأنها أن تعزز الدراسات البحثية في موقعك.</context_description>

		<search>
			<search_title>EurekAlert!</search_title>
			<search_description>هي خدمة صحفية على الإنترنت أنشأتها الرابطة الأمريكية لتقدم العلوم (AAAS). هدفها الأساسي توفير منتدى تتعاون فيه المؤسسات البحثية، الجامعات، الوكالات الحكومية، الشركات وما شابه لعرض وتداول الأخبار المتعلقة بالعلوم مع المراسلين الصحفيين ووسائل الإعلام. أما الهدف الثانوي، فهو أرشفة هذه الأخبار وإتاحتها للعامة عبر نظام قابل للاسترجاع بسهولة.</search_description>
			<url>http://www.eurekalert.org/links.php</url>
			<search_url>http://search.eurekalert.org/e3/query.html?col=ev3rel&amp;qc=ev3rel&amp;qt={$formKeywords}</search_url>
			
		</search>
		<search>
			<search_title>شبكة العلوم المجنونة: المختبر المتفجر، 24 - ساعة</search_title>
			<search_description>هو مجموعة من جماجم العلماء تعطيك إجابات على أسئلتك.</search_description>
			<url>http://www.madsci.org/</url>
			<search_url>http://www.madsci.org/cgi-bin/search?Submit=Submit+Query&amp;or=AND&amp;words=1&amp;index=MadSci+Archives&amp;MAX_TOTAL=25&amp;area=All+areas&amp;grade=All+grades&amp;query={$formKeywords}</search_url>
			
		</search>
	</context>
	<context>
		<context_title>ملفات تدريسية</context_title>
		<context_abbrev>تعليمية</context_abbrev>
		<context_description>الشروع مباشرة بعملية بحث استناداً إلى موضوع المقالة أو الورقة التي تربط المستخدم بالمحتوى المجاني والمقالات المحفوظة في ذلك الحقل من الصحف الرئيسية حول العالم.</context_description>

		<search>
			<search_title>تعليم العلوم، الرياضيات، الهندسة، والتقنيات (SMETE)</search_title>
			<search_description>يحتوي على مكتبة تعليمية رقمية من طراز أولي قابلة للبحث، تخص العلوم الوطنية، الرياضيات، الهندسة، والتقنيات.</search_description>
			<url>http://www.smete.org/</url>
			<search_url>http://www.smete.org/smete/?path=/public/find/search_results.jhtml&amp;_DARGS=/smete/public/find/index_body.jhtml&amp;/smete/forms/FindLearningObjects.operation=search&amp;_D:/smete/forms/FindLearningObjects.operation=%20&amp;_D:/smete/forms/FindLearningObjects.keyword=%20&amp;/smete/forms/FindLearningObjects.learningResourceType=&amp;_D:/smete/forms/FindLearningObjects.learningResourceType=%20&amp;/smete/forms/FindLearningObjects.grade=0-Any&amp;_D:/smete/forms/FindLearningObjects.grade=%20&amp;/smete/forms/FindLearningObjects.title=&amp;_D:/smete/forms/FindLearningObjects.title=%20&amp;/smete/forms/FindLearningObjects.author=&amp;_D:/smete/forms/FindLearningObjects.author=%20&amp;/smete/forms/FindLearningObjects.hostCollection=&amp;_D:/smete/forms/FindLearningObjects.hostCollection=%20&amp;/smete/forms/FindLearningObjects.afterYear=&amp;_D:/smete/forms/FindLearningObjects.afterYear=%20&amp;/smete/forms/FindLearningObjects.beforeYear=&amp;_D:/smete/forms/FindLearningObjects.beforeYear=%20&amp;&amp;/smete/forms/FindLearningObjects.keyword={$formKeywords}</search_url>
			
		</search>
	</context>
	<context>
		<context_title>سياسة الدولة</context_title>
		<context_abbrev>سياسة الدولة</context_abbrev>
		<context_description>Access to Information and services gateway run by the Government of the United States and Canada.</context_description>

		<search>
			<search_title>مدخل لمعلومات وخدمات الحكومة الأسترالية</search_title>
			<search_description>يقدم وصول شامل ومتكامل لمعلومات وخدمات الحكومة الأسترالية. ستجد بنية مركزة لبيانات الحكومة الأسترالية في هذا الموقع. &lt;a href=&quot;http://www.australia.gov.au&quot;&gt;www.australia.gov.au&lt;/a&gt; حالياً يشتمل على إدراجات من أكثر من 700 موقع حكومي أسترالي وفهارس وأكثر من 5 ملايين صفحة، ويستعمل البيانات الوصفية والنصوص الكاملة لأغراض الفهرسة لضمان كونه مدخلاً حكومياً شاملاً.</search_description>
			<url>http://www.fed.gov.au</url>
			<search_url>http://govsearch.australia.gov.au/search/search.cgi?collection=gov&amp;form=au&amp;query=&amp;query_phrase=&amp;query_or=&amp;query_not=&amp;meta_f_sand=&amp;scope=&amp;fscope=512&amp;num_ranks=20&amp;chksummary=chksummary&amp;query_and={$formKeywords}</search_url>
			
		</search>
		<search>
			<search_title>حكومة كندا</search_title>
			<search_description>بإمكانك البحث عبر كل الوزارات الحكومية الفدرالية ووكالاتها والإدارات الريفية وفي المقاطعات والمدن. هناك روابط لتلك الوزارات والوكالات. الفهرس من أ إلى ي يقدم خدمة البحث عبر الكلمات المفتاحية للبرامج والخدمات. 

يشمل التطور الأخير في جانب عمل الوزارات تضمين صفحة &quot;الإفصاح الحكومي&quot; حيث تستعرض مصاريف السفر والإسكان، الإفصاح عن العقود، المنح والهبات. 

صفحة (عن كندا) تتضمن روابط للوزارات والوكالات، هيكلية الحكومة الكندية، لجان التحقيق، والمزيد. 

إضافة إلى مواقع الوزارات، أنشأت الحكومة مداخل تقوم بربط المعلومات من مختلف الموارد الفدرالية والمقاطعاتية، والمنظمات غير الحكومية أيضاً.</search_description>
			<url>http://www.canada.gc.ca/main_e.html</url>
			<search_url>http://search-recherche.gc.ca/cgi-bin/query?mss=canada%2Fen%2Fsimple&amp;pg=q&amp;enc=iso88591&amp;site=main&amp;bridge=&amp;stt=&amp;lowercaseq=&amp;what=web&amp;user=searchintranet&amp;browser=N6E&amp;kl=XX&amp;op=a&amp;q={$formKeywords}</search_url>
			
		</search>
		<search>
			<search_title>Directgov</search_title>
			<search_description>هي خدمة حكومية تتيح للناس الوصول إلى طيف واسع من المعلومات العامة والخدمات وأحدثها، ضمن موقع واحد على الإنترنت وعلى التلفاز الرقمي. إنه يستعمل المواصفات المصاغة والمنصوص عليها عبر UK GovTalk.</search_description>
			<url>http://www.direct.gov.uk</url>
			<search_url>http://www.direct.gov.uk/AdvancedSearch/SearchResults/fs/en?NP=1&amp;PO1=C&amp;PI1=W&amp;PF1=A&amp;PG=1&amp;RP=20&amp;SC=__dgov_site&amp;Z=1&amp;PT1={$formKeywords}</search_url>
			
		</search>
		<search>
			<search_title>Info4local.gov.uk</search_title>
			<search_description>معلومات الحكومة المحلية من الحكومة المركزية. هذا الموقع يعطي السلطات المحلية طريقة سهلة وسريعة للعثور على البيانات عبر الإنترنت مما يخص وزارات الحكومة المركزية، الوكالات، والممثليات العامة. إنه يضم معلومات واسعة لتطبيق الحوكمة الالكترونية.</search_description>
			<url>http://www.info4local.gov.uk</url>
			<search_url>http://www.info4local.gov.uk/?view=Search+results&amp;subjects=all&amp;departmentsIds=0&amp;informationTypesIds=all&amp;query={$formKeywords}</search_url>
			
		</search>
		<search>
			<search_title>مدخل الحكومة النيوزلندية</search_title>
			<search_description>هو موقع يتيح عمليات البحث مع روابط لمعلومات وخدمات آنية وغير آنية لمختلف الوكالات الحكومية. هذا الموقع يدار ويدام من قبل مفوضية خدمات الدولة، وهي إحدى الوزارات الحكومية.</search_description>
			<url>http://www.govt.nz</url>
			<search_url>http://www.govt.nz/search?type=spider&amp;t=spider&amp;q={$formKeywords}</search_url>
			
		</search>
		<search>
			<search_title>Europa</search_title>
			<search_description>المعلومات الحالية عن الدول الأعضاء في الاتحاد الأوربي، بضمنها بيانات إحصائية، سياسات، أخبار، وثائق رسمية، نصوص قانونية، ومنشورات أخرى.</search_description>
			<url>http://europa.eu.int/index_en.htm</url>
			<search_url>http://europa.eu.int/geninfo/query/resultaction.jsp?page=1</search_url>
			<search_post>Collection=EuropaFull&amp;ResultTemplate=/result_en.jsp&amp;ResultCount=25&amp;qtype=simple&amp;ResultMaxDocs=200&amp;DefaultLG=en&amp;QueryText={$formKeywords}</search_post>			
		</search>
		<search>
			<search_title>شبكة المعلومات القانونية العالمية (GLIN)</search_title>
			<search_description>هي قاعدة بيانات للقوانين، التشريعات، القرارات القضائية، ومصادر قانونية تكميلية أخرى شاركت بها الوكالات الحكومية والمنظمات العالمية. أعضاء هذه الشبكة يساهمون بالنصوص الكاملة من الوثائق المنشورة لإدراجها في قاعدة البيانات وبلغاتها الأصلية. كل وثيقة يصاحبها موجز باللغة الإنجليزية وعبارات إصطلاحية منتخبة من الفهرس متعدد اللغات لقاعدة البيانات.</search_description>
			<url>http://www.glin.gov</url>
			<search_url>http://www.glin.gov/search.do?refineQuery=&amp;offset=0&amp;refineQueryType=&amp;fromSearch=true&amp;queryType=ALL&amp;searchBtn=Search&amp;includeAllFields=on&amp;searchAll=on&amp;sumLanguage=any&amp;pubLanguage=any&amp;pubJurisdiction=any&amp;publicationJurisdictionExclude=false&amp;searchPublicationDate=true&amp;dateFromDay=01&amp;dateFromMonth=01&amp;dateFromYear=&amp;dateToDay=01&amp;dateToMonth=01&amp;dateToYear=&amp;subjTerm=&amp;subjTermConjunction%5B0%5D=AND&amp;subjTerm=&amp;subjTermConjunction%5B1%5D=AND&amp;subjTerm=&amp;subjTermConjunction%5B2%5D=AND&amp;subjTerm=&amp;subjTermConjunction%5B3%5D=AND&amp;subjTerm=&amp;searchOrder=default&amp;hitsPerPage=10&amp;showSummary=on&amp;queryString={$formKeywords}</search_url>
			
		</search>
		<search>
			<search_title>صحة كندا</search_title>
			<search_description>هي الوزارة الفيدرالية المسؤولة عن مساعدة الناس في كندا للحفاظ على صحتهم وتحسينها. هي ملتزمة بتحسين أعمار كل الكنديين وجعل السكان في كندا من بين الأكثر صحة عالمياً حسب طول العمر، نمط الحياة، والاستثمار الفعال لنظام الرعاية الصحية.</search_description>
			<url>http://search.hc-sc.gc.ca/cgi-bin/query?mss=hcsearch</url>
			<search_url>http://search.hc-sc.gc.ca/cgi-bin/query?mss=hcresult&amp;pg=aq&amp;enc=iso88591&amp;ft=adverse+drug&amp;doc=all&amp;results=any&amp;exclude=&amp;r=&amp;kl=en&amp;subsite=both&amp;search=Search&amp;q={$formKeywords}</search_url>
			
		</search>
		<search>
			<search_title>FirstGov</search_title>
			<search_description>FirstGov (الحكومة الأمريكية الفيدرالية) هي شراكة عامة - خاصة، تدار من قبل مجلس وكالة مزدوج.</search_description>
			<url>http://www.firstgov.gov/</url>
			<search_url>http://www.firstgov.gov/fgsearch/index.jsp?db=www&amp;st=AS&amp;ms0=should&amp;mt0=all&amp;rn=2&amp;parsed=true&amp;x=2&amp;y=8&amp;mw0={$formKeywords}</search_url>
			
		</search>
		<search>
			<search_title>مواقع كندا</search_title>
			<search_description>بمثابة بوابة للمعلومات والخدمات تديرها حكومة كندا وكل من محافظاتها.</search_description>
			<url>http://www.canada.gc.ca/main_e.html</url>
			<search_url>http://search-recherche.gc.ca/cgi-bin/query?mss=canada%2Fen%2Fsimple.html&amp;enc=iso88591&amp;pg=q&amp;kl=en&amp;site=main&amp;q={$formKeywords}</search_url>
			
		</search>
	</context>
	<context>
		<context_title>تقارير وسائل الإعلام</context_title>
		<context_abbrev>تقارير وسائل الإعلام</context_abbrev>
		<context_description>الشروع مباشرة بعملية بحث استناداً إلى موضوع المقالة أو الورقة التي تربط المستخدم بالمحتوى المجاني والمقالات المحفوظة في ذلك الحقل من الصحف الرئيسية حول العالم.</context_description>

		<search>
			<search_title>أخبار Google</search_title>
			<search_description>البحث في التقارير الخبرية باستعمال محرك البحث الشائع ضمن خدمة أخبار Google.</search_description>
			<url>http://news.google.com/</url>
			<search_url>http://news.google.com/news?hl=en&amp;q={$formKeywords}</search_url>
			
		</search>
		<search>
			<search_title>تحديثات العلوم الطبيعية</search_title>
			<search_description>تقدم قصص إخبارية يومية يكتبها محررو مجلة الطبيعة.</search_description>
			<url>http://www.nature.com/nsu/</url>
			<search_url>http://search.nature.com/search/?sp-x-9=cat&amp;sp-q-9=NEWS&amp;submit=go&amp;sp-a=sp1001702d&amp;sp-sfvl-field=subject%7Cujournal&amp;sp-t=results&amp;sp-x-1=ujournal&amp;sp-p-1=phrase&amp;sp-p=all&amp;sp-q={$formKeywords}</search_url>
			
		</search>
		<search>
			<search_title>العالِم</search_title>
			<search_description>هو المصدر على الإنترنت للمجلة المطبوعة، العالِم، ويتيح الوصول لمعلومات نافعة للعاملين أو الدارسين في حقل علوم الحياة.</search_description>
			<url>http://www.the-scientist.com/</url>
			<search_url>http://www.the-scientist.com/search/dosearch/</search_url>
			<search_post>box_type=toolbar&amp;search_restriction=all&amp;order_by=date&amp;search_terms={$formKeywords}</search_post>			
		</search>
		<search>
			<search_title>صحيفة نيويورك تايمز</search_title>
			<search_description>صحيفة نيويورك تايمز، نيويورك (آخر سبعة أيام)</search_description>
			<url>http://www.nytimes.com/</url>
			<search_url>http://query.nytimes.com/search/query?date=site1week&amp;submit.x=1&amp;submit.y=9&amp;query={$formKeywords}</search_url>
			
		</search>
		<search>
			<search_title>الأرشيف العلمي الأمريكي</search_title>
			<search_description>هو مصدر علمي تقني متاح على الإنترنت يتيح الوصول إلى كل صفحة وكل إصدار من مجلة العلمي الأمريكي منذ 1993 حتى الآن.</search_description>
			<url>http://www.sciamdigital.com/</url>
			<search_url>http://www.sciamdigital.com/index.cfm?fa=Search.ViewSearchForItemResultList&amp;AUTHOR_CHAR=&amp;TITLE_CHAR=&amp;FullText_CHAR={$formKeywords}</search_url>
			
		</search>
		<search>
			<search_title>Newsdirectory</search_title>
			<search_description>هي دليل شامل قابل للبحث في وسائل الإعلام الناطقة باللغة الإنجليزية حول العالم. حالياً أكثر من ثمانية آلاف صحيفة ومجلة مدرجة فيه، فضلاً عن أكثر من ألف محطة تلفزيونية أمريكية.</search_description>
			<url>http://www.newsdirectory.com/</url>
			<search_url>http://www.newsdirectory.com/hbSearch.php</search_url>
			<search_post>s={$formKeywords}&amp; submit=Go</search_post>
			
		</search>
	</context>
	<context>
		<context_title>البحث في الإنترنت</context_title>
		<context_abbrev>البحث في الإنترنت</context_abbrev>
		<context_description>أدخل عبارات البحث في موارد الإنترنت عبر محركات البحث المتنوعة.</context_description>

		<search>
			<search_title>Google</search_title>
			<search_description>البحث باستعمال محرك البحث الأشهر عالمياً.</search_description>
			<url>http://www.google.com/</url>
			<search_url>http://www.google.com/search?q={$formKeywords}</search_url>
			
		</search>
		<search>
			<search_title>الباحث العلمي من Google</search_title>
			<search_description>الباحث العلمي من Google يتيح عمليات البحث المتخصصة بالأعمال الأدبية العلمية، بضمنها الأوراق المحكمة، الأطاريح والرسائل، الكتب، الطبعات الأولية، الملخصات، والتقارير التقنية. المحتوى يشمل مدى من الناشرين والتجمعات العلمية التي لها اتفاقيات قائمة مع Google، مثل: رابطة المكائن الحاسوبية، IEEE، مكتبة  Open WorldCat لـ OCLC... إلخ. نتائج العرض ستُظهر نسخ تجاميع مختلفة، وتحليل للاقتباسات، وموقع المكتبة (حالياً كتب فقط).</search_description>
			<url>http://scholar.google.com</url>
			<search_url>http://scholar.google.com/scholar?ie=UTF-8&amp;oe=UTF-8&amp;hl=en&amp;q={$formKeywords}</search_url>
			
		</search>
		<search>
			<search_title>Clusty the Clustering Engine</search_title>
			<search_description>أداة البحث هذه المقدمة من Vivismo تقدم نتائج متشعبة لعمليات بحث منتخبة. البحث في البيانات الوصفية عبر الإنترنت بالكامل أو استعمال علامات التبويب للبحث في الأخبار، الإشاعات، الصور أو المنتجات عبر Bizrate أو eBay.</search_description>
			<url>http://clusty.com/about</url>
			<search_url>http://clusty.com/search?query={$formKeywords}</search_url>
			
		</search>
		<search>
			<search_title>Vivisimo</search_title>
			<search_description>تقنية Vivisimo المتشعبة الحائزة على جائزة، طورها علماء أبحاث في Carnegie Mellon، وهي تستثمر المعلومات المخزنة عند شركات Fortune 500، وأهم المواقع الالكترونية، والناشرين المعتبرين، والوكالات الحكومية عبر تصنيف نتائج البحث آنياً في قوائم مرتبة ذات معنى، وبهذا، التوصل إلى تحسين ثوري في الوصول إلى المعلومات ذات الصلة.</search_description>
			<url>http://vivisimo.com</url>
			<search_url>http://vivisimo.com/search?tb=homepage&amp;v%3Asources=Web&amp;query={$formKeywords}</search_url>
			
		</search>
	</context>
</version>
