<?xml version="1.0" encoding="UTF-8"?>
<!DOCTYPE version SYSTEM "../../lib/pkp/dtd/rtVersion.dtd">

<!--
  * Mathematics.xml
  *
  * Copyright (c) 2013-2014 Simon Fraser University Library
  * Copyright (c) 2003-2014 John Willinsky
  * Distributed under the GNU GPL v2. For full terms see the file docs/COPYING.
  *
  * Reading Tools version: Mathematics (ar_IQ)
  *
  -->

<version id="Mathematics" locale="ar_IQ">
	<version_title>الرياضيات</version_title>
	<version_description>أدوات القراءة يمكنها مساعدة قراء هذه الدراسة في الرجوع إلى مدى واسع من الموارد ذات الصلة، التي بإمكانها أن تكون منطلقاً لترجمة الدراسة، أو الاقتباس منها أو تقييمها.</version_description>

	<context>
		<context_title>عمل المؤلف</context_title>
		<context_abbrev>أعمال الآخرين</context_abbrev>
		<context_description>حدد أعمال أخرى حسب مؤلفيها باستعمال محركات بحث OAI.</context_description>
		<author_terms />
		<search>
			<search_title>الباحث العلمي من Google</search_title>
			<search_description>الباحث العلمي من Google يتيح عمليات البحث المتخصصة بالأعمال الأدبية العلمية، بضمنها الأوراق المحكمة، الأطاريح والرسائل، الكتب، الطبعات الأولية، الملخصات، والتقارير التقنية. المحتوى يشمل مدى من الناشرين والتجمعات العلمية التي لها اتفاقيات قائمة مع Google، مثل: رابطة المكائن الحاسوبية، IEEE، مكتبة  Open WorldCat لـ OCLC... إلخ. نتائج العرض ستُظهر نسخ تجاميع مختلفة، وتحليل للاقتباسات، وموقع المكتبة (حالياً كتب فقط).</search_description>
			<url>http://scholar.google.com</url>
			<search_url>http://scholar.google.com/scholar?ie=UTF-8&amp;oe=UTF-8&amp;hl=eng&amp;as_sauthors={$formKeywords}</search_url>
			
		</search>
		<search>
			<search_title>Intute: العلوم، الهندسة &amp; التقنية</search_title>
			<search_description>هو خدمة مجانية على الإنترنت، يتيح لك الوصول إلى أفضل المصادر في الشبكة العنكبوتية لأغراض: التعليم والبحث العلمي، مقيمة ومختارة من قبل شبكة من المتخصصين في تلك المواضيع. هي تغطي: العلوم الفيزياوية، الهندسة، الحاسوب، الجغرافية، الرياضيات، وعلم البيئة. قاعدة البيانات تضم حالياً 33349 سجل.</search_description>
			<url>http://www.intute.ac.uk/sciences/</url>
			<search_url>http://www.intute.ac.uk/sciences/cgi-bin/search.pl?submit.x=0&amp;submit.y=0&amp;submit=Go&amp;limit=0&amp;subject=sciences&amp;term1={$formKeywords}</search_url>
			
		</search>
		<search>
			<search_title>OAIster (Open Archives Inititive research databases)</search_title>
			<search_description>OAIster هو مشروع لجامعة مشغان لخدمات إنتاج المكتبة الرقمية، ويوفر عملية البحث ضمن مجاميع موارد متنوعة في مؤسسات عديدة. هذه المؤسسات جعلت سجلات مواردها الرقمية متاحة مجاناً، وفريق المشروع جمعها ضمن خدمة OAIster.</search_description>
			<url>http://oaister.umdl.umich.edu/</url>
			<search_url>http://oaister.umdl.umich.edu/cgi/b/bib/bib-idx?type=boolean&amp;size=10&amp;c=oaister&amp;q1=&amp;rgn1=entire+record&amp;op2=and&amp;q2=&amp;rgn2=entire+record&amp;op3=And&amp;q3=&amp;rgn3=title&amp;op4=And&amp;rgn4=author&amp;op5=And&amp;q5=&amp;rgn5=subject&amp;op6=And&amp;rgn6=norm&amp;q6=all+types&amp;sort=author%2Fcreator&amp;submit2=search&amp;q4={$formKeywords}</search_url>
			
		</search>
		<search>
			<search_title>حاصود المحفوظات المفتوحة لمشروع المعرفة العامة</search_title>
			<search_description>هو نظام فهرسة مجاني للبيانات الوصفية، مطور من قبل مشروع المعرفة العامة عبر جهود تمويله الفدرالية لتوسيع وتحسين الوصول إلى الأبحاث. وهو يتيح لك إنشاء فهرس قابل للبحث من البيانات الوصفية لمبادرة المحفوظات المفتوحة، مثل المواقع التي تعمل بنظام المجلات المفتوحة أو أنظمة المؤتمرات المفتوحة.</search_description>
			<url>http://pkp.sfu.ca/harvester/</url>
			<search_url>http://pkp.sfu.ca/harvester/search.php?limit=author&amp;query={$formKeywords}</search_url>
			
		</search>
		<search>
			<search_title>EULER</search_title>
			<search_description>يمثل مرجعاً عالمياً وخدمة توصيل شفافة للمستخدم النهائي، يقدم تغطية كاملة لأدبيات الرياضيات حول العالم، بضمنها بيانات التوثيق لتراجم الكتب، التحكيمات المناظرة و/أو الملخصات، الفهارس، التصنيف والبحث، وصول شفاف لخدمات المكتبة، متعاون مع مزودي المعلومات التجارية (ناشرين، مخازن كتب).</search_description>
			<url>http://www.emis.ams.org/projects/EULER/</url>
			<search_url>http://www.emis.de/projects/EULER/search?q={$formKeywords}</search_url>
			
		</search>
		<search>
			<search_title>محفوظات الرياضيات: موضوعات في الرياضيات</search_title>
			<search_description>مجموعة كبيرة مختارة من المواد التعليمية المصنفة، البرامجيات، وروابط الإنترنت. رغم أنها غير معلمة، إلا أن الكلمات المفتاحية لكل موقع تعطي رؤية عما يقدمه كل منها.</search_description>
			<url>http://archives.math.utk.edu/topics/</url>
			<search_url>http://www.google.com/search?q=site%3Aarchives.math.utk.edu+topics+{$formKeywords}</search_url>
			
		</search>
		<search>
			<search_title>MathSearch</search_title>
			<search_description>أداة ممتازة لبحث محتويات أكثر من 80 ألف صفحة عن الرياضيات حول العالم، عبر جهد جامعة سدني، أمن الشبكات، معالجة الإشارة الرقمية، وغيرها من المواضيع ذات الصلة.</search_description>
			<url>http://www.maths.usyd.edu.au:8000/MathSearch.html</url>
			<search_url>http://www.maths.usyd.edu.au:8000/s/search/p?p2=&amp;p3=&amp;p4=&amp;p1={$formKeywords}</search_url>
			
		</search>
		<search>
			<search_title>MPRESS/MATHNET</search_title>
			<search_description>هو مفهوم/تنصيب لتوفير فهرسة نوعية لمحتوى ما قبل الطباعة عن الرياضيات (في الملقمات). هي في حد ذاتها تعمل بشكل موزع. إنه يحسن الوصول إلى النص الكامل لما قبل الطباعة في علم الرياضيات عبر وسائل البيانات الوصفية وتقديم معلومات شاملة وميسرة للبحث فيها.</search_description>
			<url>http://mathnet.preprints.org/</url>
			<search_url>http://mathnet.preprints.org/cgi-bin/harvest/MPRESS.pl.cgi?title=&amp;metaquery=&amp;keyword=&amp;query=&amp;broker=FraGer&amp;errorflag=0&amp;wordflag=off&amp;opaqueflag=off&amp;csumflag=off&amp;maxobjflag=10000&amp;maxlineflag=10000&amp;maxresultflag=10000&amp;author={$formKeywords}</search_url>
			
		</search>
		<search>
			<search_title>CiteSeer</search_title>
			<search_description>يتيح الوصول إلى قاعدة بيانات عريضة مفهرسة بالكامل لأوراق بحثية في شتى حقول علوم الحاسبات.</search_description>
			<url>http://citeseer.ist.psu.edu/cs</url>
			<search_url>http://citeseer.ist.psu.edu/cs?submit=Search+Documents&amp;cs=1&amp;q={$formKeywords}</search_url>
			
		</search>
	</context>
	<context>
		<context_title>البحث عن المصطلحات</context_title>
		<context_abbrev>البحث عن المصطلحات</context_abbrev>
		<context_description>أنقر نقراً مزدوجاً على أي كلمة في النص وستظهر في صندوق &quot;تعريف المصطلحات&quot;. بإمكانك أيضاً طباعة الكلمات أو لصقها فيه. ثم استعمل وظيفة البحث للعثور على تعريف للكلمة. تم اختيار هذه الموارد كونها ذات صلة ومجانية، إذ تتيح الوصول لكل أو بعض محتواها مجاناً.</context_description>
		<define_terms />
		<search>
			<search_title>Google</search_title>
			<search_description>البحث عن تعاريف باستعمال محرك البحث الشائع.</search_description>
			<url>http://www.google.com/</url>
			<search_url>http://www.google.com/search?hl=en&amp;q=define%3A{$formKeywords}</search_url>
			
		</search>
		<search>
			<search_title>الدوال الرياضية البحثية من Wolfram</search_title>
			<search_description>أكثر من 37 ألف حقيقة عن الدوال الرياضية منذ تموز 2003. تم إنشاء هذا الموقع ليكون مصدراً للمجتمعات التعليمية، الرياضية، والعلمية. يضم أكثر المجموعات العلمية موسوعية من المعلومات عن الدوال الرياضية. يفصل الموقع أيضاً العلاقات المتبادلة بين الدوال الخاصة للفيزياء الرياضية والدوال الأولية للتحليل الرياضي فضلاً عن العلاقات المتبادلة بين الدوال في كل مجموعة.</search_description>
			<url>http://functions.wolfram.com/</url>
			<search_url>http://functions.wolfram.com/search/index.cgi?filter=1&amp;q={$formKeywords}</search_url>
			
		</search>
		<search>
			<search_title>Merriam-Webster Online</search_title>
			<search_description>قاموس مؤسس على الطبعة العاشرة لكلية Webster، 1993، مع تحديثات تضاف له سنوياً. فيه أكثر من 160 ألف مدخل. كل كلمة يرافقها تعريفها ولفظها واستعمالاتها ومحدداتها القواعدية وتحليل موجز لأصلها. عند الإدخال الإملائي الخاطئ يقترح الموقع التصحيح. نظام البحث الداخلي فيه يدعم الحروف البديلة والبحث عبر استقطاع الجزء الأيمن من الكلمة. يتضمن دليل لفظي موسع وملفات صوتية للكثير من المصطلحات.</search_description>
			<url>http://www.merriam-webster.com/</url>
			<search_url>http://www.merriam-webster.com/cgi-bin/dictionary?book=Dictionary&amp;va={$formKeywords}</search_url>
			
		</search>
		<search>
			<search_title>قواميس OneLook</search_title>
			<search_description>هو قاموس يبحث في البيانات الوصفية للقواميس الأخرى. أدخل كلمة إنجليزية أو اختصاراً، وسيقوم بالبحث عن فهارسها ضمن 5292362 كلمة في 934 قاموس مفهرس ما بين عام ومتخصص.</search_description>
			<url>http://www.onelook.com/index.html</url>
			<search_url>http://www.onelook.com/?ls=a&amp;w={$formKeywords}</search_url>
			
		</search>
		<search>
			<search_title>Wikipedia: The Free Encyclopedia</search_title>
			<search_description>&quot;هي موسوعة مجانية ساهم المشاركون من أنحاء العالم في كتابتها. معنى تسمية الموقع أن أي شخص بإمكانه تعديل أي مقال&quot;. بدون إشراف لهيئة تحرير، لذلك فإن رصانة المحتوى المنشور على الموقع متباين بشكل هائل، لكنه جدير بالمعاينة. النسخة الإنجليزية تضم مئات الآلاف من المداخل. كما أنه يقدم نسخ أخرى بالفرنسية والإسبانية ولغات أخرى أيضاً.</search_description>
			<url>http://en.wikipedia.org/wiki/Main_Page</url>
			<search_url>http://en.wikipedia.org/wiki/Special:Search?go=Go&amp;fulltext=Search&amp;search={$formKeywords}</search_url>
			
		</search>
		<search>
			<search_title>Infoplease.com</search_title>
			<search_description>هذا الموقع يتضمن محتوى Information Please Almanacs، وهي قاعدة بيانات للترجمة الذاتية أو السيرة، وقاموس، وأطلس ومقالات من موسوعة كولومبيا. يمكنك البحث في هذه المراجع الجاهزة ككل أو بشكل منفصل أو تصفح الموقع. هناك قصص مميزة كل أسبوع تغطي مواضيع خبرية، مع روابط وثيقة الصلة بمحتوى الموقع وموارد أخرى في الإنترنت.</search_description>
			<url>http://www.infoplease.com</url>
			<search_url>http://www.infoplease.com/search?fr=iptn&amp;in=all&amp;x=0&amp;y=0&amp;query={$formKeywords}</search_url>
			
		</search>
	</context>
	<context>
		<context_title>عمليات البحث في الكتب</context_title>
		<context_abbrev>عمليات البحث في الكتب</context_abbrev>
		<context_description>مصادر تتعلق بالكتب</context_description>

		<search>
			<search_title>Google Print</search_title>
			<search_description>تعمل Google مع مكتبات جامعات: مشغان، هارفارد، ستانفورد، أوكسفورد ومع المكتبة العامة في نيويورك لرقمنة الكتب التي بحوزتها وإتاحتها للناس عبر خدمة Google Print، وهو مشروع مسح ضوئي عملاق من شأنه إدخال ملايين المجلدات من الكتب المطبوعة في قاعدة بيانات. أنقر على عنوان الكتاب وستجد الصفحة التي تتضمن عبارة البحث التي استعملتها، كما بإمكانك البحث عن المزيد من المعلومات ضمن ذلك الكتاب تحديداً، والعثور على تنقيحات ومراجعات أو بيانات أخرى ذات صلة، والتعرف على جهة النشر، وكذلك شراء الكتاب والعثور على مكتبات قريبة تبيعه.</search_description>
			<url>http://print.google.com</url>
			<search_url>http://print.google.com/print?q={$formKeywords}</search_url>
			
		</search>
		<search>
			<search_title>صفحة الكتب على الإنترنت</search_title>
			<search_description>صفحة الكتب على الإنترنت، المحررة من قبل John Mark Ockerbloom من جامعة بنسلفانيا. هذه نقطة بداية ممتازة عند البحث عن النصوص الكاملة للكتب عبر الإنترنت. أكثر من 20 ألف عمل باللغة الإنجليزية بصيغ مختلفة متاح على الإنترنت عبر عدة مواقع. يمكن البحث فيه عبر العنوان أو المؤلف. لديه ميزة مثيرة للاهتمام حيث يسمح بالتصفح عبر أرقام فئات مكتبة الكونغرس. تُضاف له قوائم جديدة دورياً وهي مفروزة في صفحة مستقلة على الرابط &lt;a href=&quot;http://onlinebooks.library.upenn.edu/new.html&quot;&gt;http://onlinebooks.library.upenn.edu/new.html&lt;/a&gt;.</search_description>
			<url>http://digital.library.upenn.edu/books/</url>
			<search_url>http://onlinebooks.library.upenn.edu/webbin/book/search?tmode=words&amp;title={$formKeywords}</search_url>
			
		</search>
		<search>
			<search_title>Books-On-Line</search_title>
			<search_description>تجمُّع من أكثر من 32935 عنوان، رغم أن بعضها مقتطفات فقط. التصفح يكون عبر الموضوع أو البحث عبر المؤلف أو العنوان. ليست جميع المؤلفات مجانية.</search_description>
			<url>http://www.books-on-line.com/</url>
			<search_url>http://www.books-on-line.com/bol/KeyWordSearch.cfm?RowCount=50&amp;Searchquery={$formKeywords}</search_url>
			
		</search>
		<search>
			<search_title>المكتبة العالمية</search_title>
			<search_description>المكتبة العالمية تعتبر الأكثر تعمقاً والأكثر طموحاً. إنها تكدس مجموعة من نحو مئة ألف كتاب ألكتروني (بعضها من مشروع غوتنبرغ)، وهي تهدف إلى وصول مليون كتاب الكتروني في نهاية عام 2006.</search_description>
			<url>http://tera-3.ul.cs.cmu.edu/</url>
			<search_url>http://tera-3.ul.cs.cmu.edu/cgi-bin/DBscripts/advsearch_db.cgi?perPage=25&amp;listStart=0&amp;author1=&amp;subject1=Any&amp;year1=&amp;year2=&amp;language1=Any&amp;scentre=Any&amp;search=Search&amp;title1={$formKeywords}</search_url>
			
		</search>
	</context>
	<context>
		<context_title>قواعد بيانات</context_title>
		<context_abbrev>قواعد بيانات</context_abbrev>
		<context_description>قواعد بيانات</context_description>

		<search>
			<search_title>تأريخ الرياضيات من MacTutor</search_title>
			<search_description>يضم السير الذاتية لأكثر من 1100 عالم رياضيات مع الفهرس الخاص لعالمات الرياضيات أيضاً.</search_description>
			<url>http://www-groups.dcs.st-and.ac.uk/%7Ehistory/index.html</url>
			<search_url>http://www-history.mcs.st-andrews.ac.uk/Search/historysearch.cgi?SUGGESTION={$formKeywords}</search_url>
			
		</search>
	</context>
	<context>
		<context_title>نظرية الرياضيات</context_title>
		<context_abbrev>نظرية الرياضيات</context_abbrev>
		<context_description>يتيح الوصول إلى ملخص من المصطلحات التي تتراوح بين مستوى الدراسة الجامعية الأولية وحتى مرحلة البحث.</context_description>

		<search>
			<search_title>Eric Weisstein's MathWorld</search_title>
			<search_description>هو بنك معلومات شامل في علم الرياضيات. يضم الموقع حالياً بعضاً من 10228 مدخل قابل للبحث، 89364 مصادر متداخلة، 4205 شكل توضيحي، 125 رسم متحرك، 964 تطبيق جافا نشط، ويتلقى تحديثات بمعدل 135 تحديث وإدخال جديد كل شهر.</search_description>
			<url>http://mathworld.wolfram.com/</url>
			<search_url>http://mathworld.wolfram.com/search/?x=0&amp;y=0&amp;query={$formKeywords}</search_url>
			
		</search>
	</context>
	<context>
		<context_title>دراسات ذات صلة</context_title>
		<context_abbrev>دراسات ذات صلة</context_abbrev>
		<context_description>الوصول إلى دراسات مماثلة عبر تأسيس رابط إلى قاعدة بيانات مفتوحة (مجانية)، مع ملخصات و/أو نصوص كاملة متعلقة بموضوعك.</context_description>

		<search>
			<search_title>CiteSeer</search_title>
			<search_description>يتيح الوصول إلى قاعدة بيانات عريضة مفهرسة بالكامل لأوراق بحثية في شتى حقول علوم الحاسبات.</search_description>
			<url>http://citeseer.ist.psu.edu/cs</url>
			<search_url>http://citeseer.ist.psu.edu/cs?submit=Search+Documents&amp;cs=1&amp;q={$formKeywords}</search_url>
			
		</search>
		<search>
			<search_title>Intute: العلوم، الهندسة &amp; التقنية</search_title>
			<search_description>هو خدمة مجانية على الإنترنت، يتيح لك الوصول إلى أفضل المصادر في الشبكة العنكبوتية لأغراض: التعليم والبحث العلمي، مقيمة ومختارة من قبل شبكة من المتخصصين في تلك المواضيع. هي تغطي: العلوم الفيزياوية، الهندسة، الحاسوب، الجغرافية، الرياضيات، وعلم البيئة. قاعدة البيانات تضم حالياً 33349 سجل.</search_description>
			<url>http://www.intute.ac.uk/sciences/</url>
			<search_url>http://www.intute.ac.uk/sciences/cgi-bin/search.pl?submit.x=0&amp;submit.y=0&amp;submit=Go&amp;limit=0&amp;subject=sciences&amp;term1={$formKeywords}</search_url>
			
		</search>
		<search>
			<search_title>EULER</search_title>
			<search_description>يمثل مرجعاً عالمياً وخدمة توصيل شفافة للمستخدم النهائي، يقدم تغطية كاملة لأدبيات الرياضيات حول العالم، بضمنها بيانات التوثيق لتراجم الكتب، التحكيمات المناظرة و/أو الملخصات، الفهارس، التصنيف والبحث، وصول شفاف لخدمات المكتبة، متعاون مع مزودي المعلومات التجارية (ناشرين، مخازن كتب).</search_description>
			<url>http://www.emis.ams.org/projects/EULER/</url>
			<search_url>http://www.emis.de/projects/EULER/search?q={$formKeywords}</search_url>
			
		</search>
		<search>
			<search_title>محفوظات الرياضيات: موضوعات في الرياضيات</search_title>
			<search_description>مجموعة كبيرة مختارة من المواد التعليمية المصنفة، البرامجيات، وروابط الإنترنت. رغم أنها غير معلمة، إلا أن الكلمات المفتاحية لكل موقع تعطي رؤية عما يقدمه كل منها.</search_description>
			<url>http://archives.math.utk.edu/topics/</url>
			<search_url>http://www.google.com/search?q=site%3Aarchives.math.utk.edu+topics+{$formKeywords}</search_url>
			
		</search>
		<search>
			<search_title>MathSearch</search_title>
			<search_description>أداة ممتازة لبحث محتويات أكثر من 80 ألف صفحة عن الرياضيات حول العالم، عبر جهد جامعة سدني، أمن الشبكات، معالجة الإشارة الرقمية، وغيرها من المواضيع ذات الصلة.</search_description>
			<url>http://www.maths.usyd.edu.au:8000/MathSearch.html</url>
			<search_url>http://www.maths.usyd.edu.au:8000/s/search/p?p2=&amp;p3=&amp;p4=&amp;p1={$formKeywords}</search_url>
			
		</search>
		<search>
			<search_title>MPRESS/MATHNET</search_title>
			<search_description>هو مفهوم/تنصيب لتوفير فهرسة نوعية لمحتوى ما قبل الطباعة عن الرياضيات (في الملقمات). هي في حد ذاتها تعمل بشكل موزع. إنه يحسن الوصول إلى النص الكامل لما قبل الطباعة في علم الرياضيات عبر وسائل البيانات الوصفية وتقديم معلومات شاملة وميسرة للبحث فيها.</search_description>
			<url>http://mathnet.preprints.org/</url>
			<search_url>http://mathnet.preprints.org/cgi-bin/harvest/MPRESS.pl.cgi?author=&amp;keyword=&amp;title=&amp;metaquery=&amp;broker=FraGer&amp;errorflag=0&amp;wordflag=off&amp;opaqueflag=off&amp;csumflag=off&amp;maxobjflag=10000&amp;maxlineflag=10000&amp;maxresultflag=10000&amp;query={$formKeywords}</search_url>
			
		</search>
		<search>
			<search_title>SIAM Review</search_title>
			<search_description>يتألف من خمسة أقسام، كل منها يتضمن مقالات ذات أهمية عالية. أوراق تتميز بمراجعات ومسوحات مع تكامل فاعل وتحديث مواكب في موضوعات رئيسية عن الرياضيات التطبيقية و العددية أو الحسابات العلمية.</search_description>
			<url>http://epubs.siam.org/sam-bin/dbq/toclist/SIREV</url>
			<search_url>http://epubs.siam.org/search/search.pl</search_url>
			<search_post>field1=anyfield&amp;jrnlname=all&amp;boolean1=and&amp;search_field=anyfield&amp;quicksearchstring={$formKeywords}</search_post>			
		</search>
		<search>
			<search_title>Zentralblatt MATH</search_title>
			<search_description>هو خدمة التلخيص والتنقيح الأشمل والأطول باعاً في الرياضيات الصرفة والتطبيقية. قاعدة بيانات الموقع تضم أكثر من مليوني مدخل مستقاة مما يزيد عن 2300 دورية ومجلة مدرجة في قاعدة البيانات هذه.</search_description>
			<url>http://www.zblmath.fiz-karlsruhe.de/serials/</url>
			<search_url>http://www.zblmath.fiz-karlsruhe.de/serials/?hits_per_page=10&amp;is=&amp;bi={$formKeywords}</search_url>
			
		</search>
	</context>
	<context>
		<context_title>Pay-per-view</context_title>
		<context_abbrev>Pay-per-view</context_abbrev>
		<context_description>هي خدمة مقدمة للذين ليس لهم حق الوصول المباشر لمقالات المجلات الالكترونية عبر الاشتراكات. هذه الخدمة تسمح للزبائن بالوصول المباشر لمقالة أو مؤلَّف معين عبر الدفع ببطاقات إئتمانية. بمجرد التحقق من تفاصيل الدفع آنياً، يمكن للمستخدم الحصول على ملف المقالة لمدة 30 يوم.</context_description>

		<search>
			<search_title>Ingenta</search_title>
			<search_description>هي تقيد الوصول إلى النص الكامل للمقالات العلمية، ورغم أن الحصول على تلك المؤلفات يكلف مالاً، إلا أن الموقع يمكن استعماله كفهرس مجاني لتلك المقالات والمؤلَّفات.</search_description>
			<url>http://www.ingenta.com/</url>
			<search_url>http://www.ingenta.com/isis/searching/Search/ingenta?database=1&amp;title={$formKeywords}</search_url>
			
		</search>
		<search>
			<search_title>ebrary</search_title>
			<search_description>الباحثون المستقلون الذين ليس لديهم وصول إلى قواعد بيانات ebrary عبر مكتباتهم، بإمكانهم الآن إنشاء حسابات منفردة بكلفة 5 دولارات فقط. موقع ebrary Discover يشمل عدة إختصاصات أكاديمية ويتيح الوصول بطريقة (أي وقت من أي مكان) لأكثر من 20 ألف عنوان مرخص من ضمنها: نصوص كاملة لكتب، أوراق موسيقية، تقارير... وغيرها من الوثائق المرخصة من أكثر من 175 ناشر رئيسي، مثل مطبعة جامعة كامبرج، Random House، Inc.، شركات McGraw-Hill... وغيرها.</search_description>
			<url>http://www.ebrary.com/corp/content.htm</url>
			<search_url>http://shop.ebrary.com/Top?layout=search&amp;f00=text&amp;p01=&amp;f01=subject&amp;d=journal&amp;l=en&amp;sch=%A0%A0%A0%A0%A0Search%A0%A0%A0%A0%A0&amp;frm=adv.x&amp;p00={$formKeywords}</search_url>
			
		</search>
		<search>
			<search_title>Questia</search_title>
			<search_description>تتيح الوصول لأكثر من 47 ألف كتاب و 375 ألف مقال في: مجلة وصحيفة وصحيفة إخبارية. كل الكتب والمقالات متاحة بشكل قابل للبحث في كل صفحة منها. كلفة الاشتراك تتراوح بين 19.05 دولار شهرياً إلى 119.95 دولار سنوياً.</search_description>
			<url>http://www.questia.com/</url>
			<search_url>http://www.questia.com/SM.qst?act=search&amp;keywordsSearchType=1000&amp;mediaType=book&amp;mediaType=journal&amp;mediaType=magazine&amp;mediaType=newspaper&amp;mediaType=encyclopedia&amp;mediaType=startpage&amp;keywords={$formKeywords}</search_url>
			
		</search>
		<search>
			<search_title>TheScientificWorld</search_title>
			<search_description>يقدم تقنية sciBASE ليمنح وصولاً مفتوحاً لقواعد بيانات منتخبة لأدبيات علمية، تقنية، وطبية. هذه التقنية تتميز الآن بتوصيل رقمي مباشر للنصوص الكاملة من المقالات العلمية من أكثر من 700 مجلة منتجة عبر مساهمات الناشرين، وهذه التقنية فعالة خصوصاً للمستخدمين الذين لا يملكون دعماً من المكتبات (بيئة بلا وسيط).</search_description>
			<url>http://www.thescientificworld.com/</url>
			<search_url>http://www.thescientificworld.com/SCIENTIFICWORLDJOURNAL/search/SearchResults.asp?From=Main&amp;Terms={$formKeywords}</search_url>
			
		</search>
		<search>
			<search_title>Wiley InterScience Pay-per-view Service</search_title>
			<search_description>توفر هذه الخدمة وصولاً مباشراً للنصوص الكاملة لمجموعة هائلة من مقالات المجلات العلمية أو فصول الكتب المتاحة في Wiley InterScience دون الحاجة إلى اشتراك. هذه الخدمة تسمح لأي شخص بشراء الحصول على مقالات المجلات أو فصول الكتب مباشرة عبر بطاقة الإئتمان. الوصول آني ومتاح لمدة 24 ساعة.</search_description>
			<url>http://www3.interscience.wiley.com/aboutus/ppv-articleselect.html</url>
			<search_url>http://www3.interscience.wiley.com/search/allsearch</search_url>
			<search_post>allContentSearchForm=&amp;mode=quicksearch&amp;WISindexid1=WISall&amp;WISsearch1={$formKeywords}</search_post>			
		</search>
	</context>
	<context>
		<context_title>منتديات الإنترنت</context_title>
		<context_abbrev>منتديات الإنترنت</context_abbrev>
		<context_description>إختر منتديات الإنترنت المفتوحة (المجانية) التي من شأنها أن تعزز الدراسات البحثية في موقعك.</context_description>

		<search>
			<search_title>أطلس الرياضيات: بوابة للرياضيات الحديثة</search_title>
			<search_description>هذا الموقع القابل للبحث يقدم مجموعة من المقالات عن الفروع العديدة للرياضيات بضمنها تعاريف، سير ذاتية مختصرة، وتوضيحات. كل موضوع يضم تأريخاً، جوانب ذات صلة، وفروع أخرى أيضاً إضافة إلى مطبوعات ومصادر إنترنت متعلقة به. فيه أيضاً مقدمة عن طرق تصنيف مواضيع الرياضيات حسب البنية التي يعمل بها الموقع.</search_description>
			<url>http://www.math-atlas.org/</url>
			<search_url>http://www.math.niu.edu/cgi-bin/ffw.cgi/known-math?&amp;go=Search&amp;key={$formKeywords}</search_url>
			
		</search>
		<search>
			<search_title>بحث كل منتديات الرياضيات من مناقشات Epigone</search_title>
			<search_description>يقدم: مصادر،مواد، فعاليات، مداخلات شخص لشخص، ومنتجات تعليمية وخدمات من شأنها إغناء ودعم التدريس والتعلم في عالم يزداد فيه دور التقنية بشكل مطرد. محفوظات الموقع تشمل الرياضيات ومجموعات الصحف ذات العلاقة بتعليم الرياضيات، قوائم مراسلة بريدية، ومناقشات عبر الإنترنت.</search_description>
			<url>http://mathforum.com/discussions/epi-search/all.html</url>
			<search_url>http://mathforum.org/search/results.html?bool_type=and&amp;whole_words=yes&amp;match_case=no&amp;ctrlfile=/var/www/search/ctrl/all.search.ctrl&amp;textsearch={$formKeywords}</search_url>
			
		</search>
		<search>
			<search_title>إجتماعات ومؤتمرات AMS</search_title>
			<search_description>مقدمة من قبل مجتمع الرياضيات الأمريكي (AMS)، يضمن قائمة شاملة من المعلومات عن الاجتماعات الهامة.</search_description>
			<url>http://www.ams.org/meetings/</url>
			<search_url>http://www.google.com/search?q=site%3Awww.ams.org%2Fmeetings%2F+{$formKeywords}</search_url>
			
		</search>
	</context>
	<context>
		<context_title>ملفات تدريسية</context_title>
		<context_abbrev>تعليمية</context_abbrev>
		<context_description>الشروع مباشرة بعملية بحث استناداً إلى موضوع المقالة أو الورقة التي تربط المستخدم بالمحتوى المجاني والمقالات المحفوظة في ذلك الحقل من الصحف الرئيسية حول العالم.</context_description>

		<search>
			<search_title>المكتبة الرقمية الوطنية للعلوم</search_title>
			<search_description>المكتبة الرقمية الوطنية للعلوم (NSDL) أُنشئت من قبل المؤسسة الوطنية للعلوم لتتيح الوصول المنظم لموارد وأدوات عالية الجودة والتي تدعم الابتكار في مجال التعليم والتدريس في كل مستويات: العلوم، التقنية، الهندسة، الرياضيات.</search_description>
			<url>http://nsdl.org/about</url>
			<search_url>http://nsdl.org/search/?</search_url>
			<search_post>formview=searchresults&amp;verb=Search&amp;s=0&amp;n=10&amp;boost%5B%5D=compoundTitle&amp;boost%5B%5D=compoundDescription&amp;q={$formKeywords}</search_post>			
		</search>
		<search>
			<search_title>MSTE</search_title>
			<search_description>يعمل بمثابة صانع نماذج رياضية وتوجيهية للعلوم تمتاز بالابتكار، والبناء المعياري، وشمولية التقنية لمستوى مراحل K-16.</search_description>
			<url>http://www.mste.uiuc.edu/</url>
			<search_url>http://www.google.com/custom?ie=UTF-8&amp;oe=UTF-8&amp;sa=&amp;cof=GALT%3A%2393AAC6%3BS%3Ahttp%3A%2F%2Fwww.mste.uiuc.edu%2F%3BGL%3A1%3BVLC%3Aorange%3BAH%3Acenter%3BBGC%3A%233d4b66%3BLH%3A255%3BLC%3Aorange%3BGFNT%3A%2393AAC6%3BL%3Ahttp%3A%2F%2Fwww.mste.uiuc.edu%2Fimages%2Fmstelogo.gif%3BALC%3A%23d3d3d3%3BLW%3A600%3BT%3A%23FFFFFF%3BGIMP%3A%2393AAC6%3BAWFID%3A174a51c6937b9927%3B&amp;domains=http%3A%2F%2Fwww.mste.uiuc.edu%2F&amp;sitesearch=http%3A%2F%2Fwww.mste.uiuc.edu%2F&amp;q={$formKeywords}</search_url>
			
		</search>
		<search>
			<search_title>إضاءات</search_title>
			<search_description>هذا الموقع مخصص لتحسين تدريس وتعلم الرياضيات. يقدم دروس تفاعلية للطلبة، خطط دراسية للتدريسيين، وتطبيقات رياضية، كلها مرتبة حسب المراحل الدراسية. فيه مجموعة كبيرة من مصادر الإنترنت، مرتبة حسب المفهوم والمرحلة، مع المعايير القياسية لتدريس الرياضيات. تابع للمجلس الوطني لمدرسي الرياضيات (NCTM).</search_description>
			<url>http://illuminations.nctm.org/</url>
			<search_url>http://marcopolosearch.org/MPSearch/Search_Results.asp?orgn_id=6&amp;log_type=1&amp;hdnFilter=&amp;hdnPerPage=15&amp;selUsing=all&amp;txtSearchFor={$formKeywords}</search_url>
			
		</search>
		<search>
			<search_title>محتوى الإنترنت للصف من MarcoPolo</search_title>
			<search_description>هو جمعية من المنظمات التعليمية الوطنية الرئيسية، الوكالات التعليمية الحكومية، ومؤسسة MarcoPolo التعليمية المخصصة لتوفير محتوى الإنترنت الأفضل نوعية والتطوير الاحترافي للطلبة والتدريسيين عبر الولايات المتحدة. تشمل المواضيع: الفنون، الاقتصاد، اللغات الأجنبية، الجغرافية، فنون اللغة، الرياضيات، الفلسفة والدين، العلوم، والدراسات الاجتماعية.</search_description>
			<url>http://www.marcopolo-education.org/home.aspx</url>
			<search_url>http://www.marcopolosearch.org/mpsearch/Search_Results.asp?orgn_id=2&amp;log_type=1&amp;hdnFilter=&amp;hdnPerPage=15&amp;selUsing=all&amp;txtSearchFor={$formKeywords}</search_url>
			
		</search>
		<search>
			<search_title>منتدى الرياضيات</search_title>
			<search_description>هذه البوابة تتيح الوصول الميسر لمصادر ذات نوعية عالية للمشتغلين في الرياضيات ومدرسيها، كما أنها توفر مصادر تغطي استعمال وإدارة مواقع الإنترنت فضلاً عما سواها من المصادر التعليمية. من بين مزاياه ما يأتي: خمس طرق للبحث مع تعليمات مكتوبة بعناية عن استعمال أيٍّ منها؛ مواقع تفاعلية؛ مواقع متعددة اللغات؛ خيار انتخاب قوائم المصادر حسب مستوى المعرفة من المراحل الأولية وحتى مستوى البحث؛ والمصادر معروضة إما بنموذج ملخص بنقاط أو حسب قائمة معلَّمة مع إمكانية التحويل بين الطريقتين جيئة وذهاباً.</search_description>
			<url>http://mathforum.org/grepform.html</url>
			<search_url>http://mathforum.org/search/results.html?bool_type=and&amp;whole_words=yes&amp;match_case=no&amp;ctrlfile=%2Fvar%2Fwww%2Fsearch%2Fctrl%2Fall.search.ctrl&amp;textsearch={$formKeywords}</search_url>
			
		</search>
		<search>
			<search_title>PBS Mathline</search_title>
			<search_description>يتميز بموضوع محدد من الرياضيات لمدرسي مراحل K-12. كل شهر، يتم ربط مقالة علمية معمقة بالمصادر ذات الصلة، مع الحقائق اليومية المتعلقة بها. يقدم الموقع أيضاً برنامج تطوير إحترافي شامل.</search_description>
			<url>http://www.pbs.org/teachersource/math.htm</url>
			<search_url>http://www.pbs.org/teachersource/search/standards_results.shtm?start=1&amp;end=20&amp;subjects=NULL&amp;grades=NULL&amp;query={$formKeywords}</search_url>
			
		</search>
		<search>
			<search_title>تعليم العلوم، الرياضيات، الهندسة، والتقنيات (SMETE)</search_title>
			<search_description>يحتوي على مكتبة تعليمية رقمية من طراز أولي قابلة للبحث، تخص العلوم الوطنية، الرياضيات، الهندسة، والتقنيات.</search_description>
			<url>http://www.smete.org/</url>
			<search_url>http://www.smete.org/smete/?path=/public/find/search_results.jhtml&amp;_DARGS=/smete/public/find/index_body.jhtml&amp;/smete/forms/FindLearningObjects.operation=search&amp;_D:/smete/forms/FindLearningObjects.operation=%20&amp;_D:/smete/forms/FindLearningObjects.keyword=%20&amp;/smete/forms/FindLearningObjects.learningResourceType=&amp;_D:/smete/forms/FindLearningObjects.learningResourceType=%20&amp;/smete/forms/FindLearningObjects.grade=0-Any&amp;_D:/smete/forms/FindLearningObjects.grade=%20&amp;/smete/forms/FindLearningObjects.title=&amp;_D:/smete/forms/FindLearningObjects.title=%20&amp;/smete/forms/FindLearningObjects.author=&amp;_D:/smete/forms/FindLearningObjects.author=%20&amp;/smete/forms/FindLearningObjects.hostCollection=&amp;_D:/smete/forms/FindLearningObjects.hostCollection=%20&amp;/smete/forms/FindLearningObjects.afterYear=&amp;_D:/smete/forms/FindLearningObjects.afterYear=%20&amp;/smete/forms/FindLearningObjects.beforeYear=&amp;_D:/smete/forms/FindLearningObjects.beforeYear=%20&amp;&amp;/smete/forms/FindLearningObjects.keyword={$formKeywords}</search_url>
			
		</search>
		<search>
			<search_title>Ask Dr. Math</search_title>
			<search_description>إبحث في المحفوظات عن الأسئلة وإجاباتها من مرحلة الإبتدائية وحتى التعليم الجامعي. برعاية جامعة Drexel.</search_description>
			<url>http://www.mathforum.org/library/drmath/</url>
			<search_url>http://mathforum.org/library/drmath/results.html?textsearch_bool_type=and&amp;textsearch_whole_words=no&amp;textsearch={$formKeywords}</search_url>
			
		</search>
	</context>
	<context>
		<context_title>سياسة الدولة</context_title>
		<context_abbrev>سياسة الدولة</context_abbrev>
		<context_description>Access to Information and services gateway run by the Government of the United States and Canada.</context_description>

		<search>
			<search_title>مدخل لمعلومات وخدمات الحكومة الأسترالية</search_title>
			<search_description>يقدم وصول شامل ومتكامل لمعلومات وخدمات الحكومة الأسترالية. ستجد بنية مركزة لبيانات الحكومة الأسترالية في هذا الموقع. &lt;a href=&quot;http://www.australia.gov.au&quot;&gt;www.australia.gov.au&lt;/a&gt; حالياً يشتمل على إدراجات من أكثر من 700 موقع حكومي أسترالي وفهارس وأكثر من 5 ملايين صفحة، ويستعمل البيانات الوصفية والنصوص الكاملة لأغراض الفهرسة لضمان كونه مدخلاً حكومياً شاملاً.</search_description>
			<url>http://www.fed.gov.au</url>
			<search_url>http://govsearch.australia.gov.au/search/search.cgi?collection=gov&amp;form=au&amp;query=&amp;query_phrase=&amp;query_or=&amp;query_not=&amp;meta_f_sand=&amp;scope=&amp;fscope=512&amp;num_ranks=20&amp;chksummary=chksummary&amp;query_and={$formKeywords}</search_url>
			
		</search>
		<search>
			<search_title>حكومة كندا</search_title>
			<search_description>بإمكانك البحث عبر كل الوزارات الحكومية الفدرالية ووكالاتها والإدارات الريفية وفي المقاطعات والمدن. هناك روابط لتلك الوزارات والوكالات. الفهرس من أ إلى ي يقدم خدمة البحث عبر الكلمات المفتاحية للبرامج والخدمات. 

يشمل التطور الأخير في جانب عمل الوزارات تضمين صفحة &quot;الإفصاح الحكومي&quot; حيث تستعرض مصاريف السفر والإسكان، الإفصاح عن العقود، المنح والهبات. 

صفحة (عن كندا) تتضمن روابط للوزارات والوكالات، هيكلية الحكومة الكندية، لجان التحقيق، والمزيد. 

إضافة إلى مواقع الوزارات، أنشأت الحكومة مداخل تقوم بربط المعلومات من مختلف الموارد الفدرالية والمقاطعاتية، والمنظمات غير الحكومية أيضاً.</search_description>
			<url>http://www.canada.gc.ca/main_e.html</url>
			<search_url>http://search-recherche.gc.ca/cgi-bin/query?mss=canada%2Fen%2Fsimple&amp;pg=q&amp;enc=iso88591&amp;site=main&amp;bridge=&amp;stt=&amp;lowercaseq=&amp;what=web&amp;user=searchintranet&amp;browser=N6E&amp;kl=XX&amp;op=a&amp;q={$formKeywords}</search_url>
			
		</search>
		<search>
			<search_title>Directgov</search_title>
			<search_description>هي خدمة حكومية تتيح للناس الوصول إلى طيف واسع من المعلومات العامة والخدمات وأحدثها، ضمن موقع واحد على الإنترنت وعلى التلفاز الرقمي. إنه يستعمل المواصفات المصاغة والمنصوص عليها عبر UK GovTalk.</search_description>
			<url>http://www.direct.gov.uk</url>
			<search_url>http://www.direct.gov.uk/AdvancedSearch/SearchResults/fs/en?NP=1&amp;PO1=C&amp;PI1=W&amp;PF1=A&amp;PG=1&amp;RP=20&amp;SC=__dgov_site&amp;Z=1&amp;PT1={$formKeywords}</search_url>
			
		</search>
		<search>
			<search_title>Info4local.gov.uk</search_title>
			<search_description>معلومات الحكومة المحلية من الحكومة المركزية. هذا الموقع يعطي السلطات المحلية طريقة سهلة وسريعة للعثور على البيانات عبر الإنترنت مما يخص وزارات الحكومة المركزية، الوكالات، والممثليات العامة. إنه يضم معلومات واسعة لتطبيق الحوكمة الالكترونية.</search_description>
			<url>http://www.info4local.gov.uk</url>
			<search_url>http://www.info4local.gov.uk/?view=Search+results&amp;subjects=all&amp;departmentsIds=0&amp;informationTypesIds=all&amp;query={$formKeywords}</search_url>
			
		</search>
		<search>
			<search_title>مدخل الحكومة النيوزلندية</search_title>
			<search_description>هو موقع يتيح عمليات البحث مع روابط لمعلومات وخدمات آنية وغير آنية لمختلف الوكالات الحكومية. هذا الموقع يدار ويدام من قبل مفوضية خدمات الدولة، وهي إحدى الوزارات الحكومية.</search_description>
			<url>http://www.govt.nz</url>
			<search_url>http://www.govt.nz/search?type=spider&amp;t=spider&amp;q={$formKeywords}</search_url>
			
		</search>
		<search>
			<search_title>Europa</search_title>
			<search_description>المعلومات الحالية عن الدول الأعضاء في الاتحاد الأوربي، بضمنها بيانات إحصائية، سياسات، أخبار، وثائق رسمية، نصوص قانونية، ومنشورات أخرى.</search_description>
			<url>http://europa.eu.int/index_en.htm</url>
			<search_url>http://europa.eu.int/geninfo/query/resultaction.jsp?page=1</search_url>
			<search_post>Collection=EuropaFull&amp;ResultTemplate=/result_en.jsp&amp;ResultCount=25&amp;qtype=simple&amp;ResultMaxDocs=200&amp;DefaultLG=en&amp;QueryText={$formKeywords}</search_post>			
		</search>
		<search>
			<search_title>شبكة المعلومات القانونية العالمية (GLIN)</search_title>
			<search_description>هي قاعدة بيانات للقوانين، التشريعات، القرارات القضائية، ومصادر قانونية تكميلية أخرى شاركت بها الوكالات الحكومية والمنظمات العالمية. أعضاء هذه الشبكة يساهمون بالنصوص الكاملة من الوثائق المنشورة لإدراجها في قاعدة البيانات وبلغاتها الأصلية. كل وثيقة يصاحبها موجز باللغة الإنجليزية وعبارات إصطلاحية منتخبة من الفهرس متعدد اللغات لقاعدة البيانات.</search_description>
			<url>http://www.glin.gov</url>
			<search_url>http://www.glin.gov/search.do?refineQuery=&amp;offset=0&amp;refineQueryType=&amp;fromSearch=true&amp;queryType=ALL&amp;searchBtn=Search&amp;includeAllFields=on&amp;searchAll=on&amp;sumLanguage=any&amp;pubLanguage=any&amp;pubJurisdiction=any&amp;publicationJurisdictionExclude=false&amp;searchPublicationDate=true&amp;dateFromDay=01&amp;dateFromMonth=01&amp;dateFromYear=&amp;dateToDay=01&amp;dateToMonth=01&amp;dateToYear=&amp;subjTerm=&amp;subjTermConjunction%5B0%5D=AND&amp;subjTerm=&amp;subjTermConjunction%5B1%5D=AND&amp;subjTerm=&amp;subjTermConjunction%5B2%5D=AND&amp;subjTerm=&amp;subjTermConjunction%5B3%5D=AND&amp;subjTerm=&amp;searchOrder=default&amp;hitsPerPage=10&amp;showSummary=on&amp;queryString={$formKeywords}</search_url>
			
		</search>
		<search>
			<search_title>FirstGov</search_title>
			<search_description>FirstGov (الحكومة الأمريكية الفيدرالية) هي شراكة عامة - خاصة، تدار من قبل مجلس وكالة مزدوج.</search_description>
			<url>http://www.firstgov.gov/</url>
			<search_url>http://www.firstgov.gov/fgsearch/index.jsp?db=www&amp;st=AS&amp;ms0=should&amp;mt0=all&amp;rn=2&amp;parsed=true&amp;x=2&amp;y=8&amp;mw0={$formKeywords}</search_url>
			
		</search>
		<search>
			<search_title>مواقع كندا</search_title>
			<search_description>بمثابة بوابة للمعلومات والخدمات تديرها حكومة كندا وكل من محافظاتها.</search_description>
			<url>http://www.canada.gc.ca/main_e.html</url>
			<search_url>http://search-recherche.gc.ca/cgi-bin/query?mss=canada%2Fen%2Fsimple.html&amp;enc=iso88591&amp;pg=q&amp;kl=en&amp;site=main&amp;q={$formKeywords}</search_url>
			
		</search>
	</context>
	<context>
		<context_title>تقارير وسائل الإعلام</context_title>
		<context_abbrev>تقارير وسائل الإعلام</context_abbrev>
		<context_description>الشروع مباشرة بعملية بحث استناداً إلى موضوع المقالة أو الورقة التي تربط المستخدم بالمحتوى المجاني والمقالات المحفوظة في ذلك الحقل من الصحف الرئيسية حول العالم.</context_description>

		<search>
			<search_title>أخبار Google</search_title>
			<search_description>البحث في التقارير الخبرية باستعمال محرك البحث الشائع ضمن خدمة أخبار Google.</search_description>
			<url>http://news.google.com/</url>
			<search_url>http://news.google.com/news?hl=en&amp;q={$formKeywords}</search_url>
			
		</search>
		<search>
			<search_title>بيان مجتمع الرياضيات الأمريكي</search_title>
			<search_description>هو واحد من بين أكثر الدوريات المقروءة عالمياً لمحترفي الرياضيات.</search_description>
			<url>http://www.ams.org/noticessearch/</url>
			<search_url>http://www.google.com/custom?sa=Search+Notices&amp;cof=S%3Ahttp%3A%2F%2Fwww.ams.org%2Fnotices%3BGL%3A0%3BVLC%3A%23004080%3BAH%3Aleft%3BBGC%3A%23ffffff%3BLH%3A55%3BLC%3A+%23004080%3BL%3Ahttp%3A%2F%2Fwww.ams.org%2Fimages%2Fnotices-search-banner.gif%3BALC%3A%23ff2b2b%3BLW%3A1200%3BT%3A%23000000%3BAWFID%3A39742761a368da0f%3B&amp;domains=www.ams.org%2Fnotices&amp;sitesearch=www.ams.org%2Fnotices&amp;q={$formKeywords}</search_url>
			
		</search>
		<search>
			<search_title>تحديثات العلوم الطبيعية</search_title>
			<search_description>تقدم قصص إخبارية يومية يكتبها محررو مجلة الطبيعة.</search_description>
			<url>http://www.nature.com/nsu/</url>
			<search_url>http://search.nature.com/search/?sp-x-9=cat&amp;sp-q-9=NEWS&amp;submit=go&amp;sp-a=sp1001702d&amp;sp-sfvl-field=subject%7Cujournal&amp;sp-t=results&amp;sp-x-1=ujournal&amp;sp-p-1=phrase&amp;sp-p=all&amp;sp-q={$formKeywords}</search_url>
			
		</search>
		<search>
			<search_title>أخبار العلوم على الإنترنت</search_title>
			<search_description>هي واحدة من أكثر المجلات العلمية فائدة والمتاحة على الإنترنت. هذه المجلة الأسبوعية ذات الخمس والسبعين عاماً يضع عدداً كريماً من النصوص الكاملة للمقالات العلمية على الإنترنت أسبوعياً، لتضيفها إلى مجموعة الأرشيف فيها منذ 1994 حتى الآن.</search_description>
			<url>http://www.sciencenews.org/search.asp</url>
			<search_url>http://www.sciencenews.org/pages/search_results.asp?search={$formKeywords}</search_url>
			
		</search>
		<search>
			<search_title>الأرشيف العلمي الأمريكي</search_title>
			<search_description>هو مصدر علمي تقني متاح على الإنترنت يتيح الوصول إلى كل صفحة وكل إصدار من مجلة العلمي الأمريكي منذ 1993 حتى الآن.</search_description>
			<url>http://www.sciamdigital.com/</url>
			<search_url>http://www.sciamdigital.com/index.cfm?fa=Search.ViewSearchForItemResultList&amp;AUTHOR_CHAR=&amp;TITLE_CHAR=&amp;FullText_CHAR={$formKeywords}</search_url>
			
		</search>
		<search>
			<search_title>Newsdirectory</search_title>
			<search_description>هي دليل شامل قابل للبحث في وسائل الإعلام الناطقة باللغة الإنجليزية حول العالم. حالياً أكثر من ثمانية آلاف صحيفة ومجلة مدرجة فيه، فضلاً عن أكثر من ألف محطة تلفزيونية أمريكية.</search_description>
			<url>http://www.newsdirectory.com/</url>
			<search_url>http://www.newsdirectory.com/hbSearch.php</search_url>
			<search_post>s={$formKeywords}&amp; submit=Go</search_post>
			
		</search>
	</context>
	<context>
		<context_title>البحث في الإنترنت</context_title>
		<context_abbrev>البحث في الإنترنت</context_abbrev>
		<context_description>أدخل عبارات البحث في موارد الإنترنت عبر محركات البحث المتنوعة.</context_description>

		<search>
			<search_title>Google</search_title>
			<search_description>البحث باستعمال محرك البحث الأشهر عالمياً.</search_description>
			<url>http://www.google.com/</url>
			<search_url>http://www.google.com/search?q={$formKeywords}</search_url>
			
		</search>
		<search>
			<search_title>الباحث العلمي من Google</search_title>
			<search_description>الباحث العلمي من Google يتيح عمليات البحث المتخصصة بالأعمال الأدبية العلمية، بضمنها الأوراق المحكمة، الأطاريح والرسائل، الكتب، الطبعات الأولية، الملخصات، والتقارير التقنية. المحتوى يشمل مدى من الناشرين والتجمعات العلمية التي لها اتفاقيات قائمة مع Google، مثل: رابطة المكائن الحاسوبية، IEEE، مكتبة  Open WorldCat لـ OCLC... إلخ. نتائج العرض ستُظهر نسخ تجاميع مختلفة، وتحليل للاقتباسات، وموقع المكتبة (حالياً كتب فقط).</search_description>
			<url>http://scholar.google.com</url>
			<search_url>http://scholar.google.com/scholar?ie=UTF-8&amp;oe=UTF-8&amp;hl=en&amp;q={$formKeywords}</search_url>
			
		</search>
		<search>
			<search_title>Clusty the Clustering Engine</search_title>
			<search_description>أداة البحث هذه المقدمة من Vivismo تقدم نتائج متشعبة لعمليات بحث منتخبة. البحث في البيانات الوصفية عبر الإنترنت بالكامل أو استعمال علامات التبويب للبحث في الأخبار، الإشاعات، الصور أو المنتجات عبر Bizrate أو eBay.</search_description>
			<url>http://clusty.com/about</url>
			<search_url>http://clusty.com/search?query={$formKeywords}</search_url>
			
		</search>
		<search>
			<search_title>Vivisimo</search_title>
			<search_description>تقنية Vivisimo المتشعبة الحائزة على جائزة، طورها علماء أبحاث في Carnegie Mellon، وهي تستثمر المعلومات المخزنة عند شركات Fortune 500، وأهم المواقع الالكترونية، والناشرين المعتبرين، والوكالات الحكومية عبر تصنيف نتائج البحث آنياً في قوائم مرتبة ذات معنى، وبهذا، التوصل إلى تحسين ثوري في الوصول إلى المعلومات ذات الصلة.</search_description>
			<url>http://vivisimo.com</url>
			<search_url>http://vivisimo.com/search?tb=homepage&amp;v%3Asources=Web&amp;query={$formKeywords}</search_url>
			
		</search>
	</context>
</version>
