<?xml version="1.0" encoding="UTF-8"?>
<!DOCTYPE schema SYSTEM "../../lib/pkp/dtd/xmlSchema.dtd">

<!--
  * harvester2_schema_stage1.xml
  *
  * Copyright (c) 2005-2012 Alec Smecher and John Willinsky
  * Distributed under the GNU GPL v2. For full terms see the file docs/COPYING.
  *
  * Open Harvester Systems stage 1 schema update for 2.0.1 to 2.3
  *
  * $Id$
  -->

<schema version="0.2">
	<!--
	  *
	  * TABLE users
	  *
	  -->
	<table name="users">
		<field name="user_id" type="I8">
			<KEY />
			<AUTOINCREMENT />
		</field>
		<field name="username" type="C2" size="32">
			<NOTNULL/>
		</field>
		<field name="password" type="C2" size="40">
			<NOTNULL/>
		</field>
		<field name="salutation" type="C2" size="40"/>
		<field name="first_name" type="C2" size="40">
			<NOTNULL/>
		</field>
		<field name="middle_name" type="C2" size="40"/>
		<field name="last_name" type="C2" size="90">
			<NOTNULL/>
		</field>
		<field name="gender" type="C" size="1"/>
		<field name="initials" type="C2" size="5"/>
		<field name="affiliation" type="C2" size="255"/>
		<field name="email" type="C2" size="90">
			<NOTNULL/>
		</field>
		<field name="url" type="C2" size="255"/>
		<field name="phone" type="C2" size="24"/>
		<field name="fax" type="C2" size="24"/>
		<field name="mailing_address" type="C2" size="255"/>
		<field name="country" type="C2" size="90"/>
		<field name="locales" type="C2" size="255"/>
		<field name="date_last_email" type="T"/>
		<field name="date_registered" type="T">
			<NOTNULL/>
		</field>
		<field name="date_validated" type="T"/>
		<field name="date_last_login" type="T">
			<NOTNULL/>
		</field>
		<field name="must_change_password" type="I1"/>
		<field name="auth_id" type="I8"/>
		<field name="auth_str" type="C2" size="255"/>
		<field name="disabled" type="I1">
			<NOTNULL/>
			<DEFAULT VALUE="0"/>
		</field>
		<field name="disabled_reason" type="X"/>
		<descr>User authentication credentials and profile data.</descr>
		<index name="users_username">
			<col>username</col>
			<UNIQUE />
		</index>
		<index name="users_email">
			<col>email</col>
			<UNIQUE />
		</index>
	</table>

	<!--
	  *
	  * TABLE archives
	  *
	  -->
	<table name="archives">
		<field name="archive_id" type="I4">
			<KEY/>
			<AUTOINCREMENT/>
		</field>
		<field name="harvester_plugin" type="C2" size="80">
			<!-- Becomes not null after upgrade -->
		</field>
		<field name="schema_plugin" type="C2" size="80" />
		<field name="public_archive_id" type="C2" size="40"/>
		<field name="user_id" type="I4">
			<!-- Becomes not null after upgrade -->
		</field>
		<field name="title" type="C2" size="255">
			<NOTNULL/>
		</field>
		<field name="url" type="C2" size="255">
			<NOTNULL/>
		</field>
		<field name="enabled" type="I1"/>
		<descr>Archives and basic archive settings.</descr>
		<index name="archive_public_id">
			<col>public_archive_id</col>
		</index>
	</table>
	
</schema>
