<?xml version="1.0" encoding="UTF-8"?>
<!DOCTYPE schema SYSTEM "../../lib/pkp/dtd/xmlSchema.dtd">

<!--
  * harvester2_schema.xml
  *
  * Copyright (c) 2005-2012 Alec Smecher and John Willinsky
  * Distributed under the GNU GPL v2. For full terms see the file docs/COPYING.
  *
  * Open Harvester Systems database schema in XML.
  *
  * $Id$
  -->

<schema version="0.2">
	<!--
	  *
	  * TABLE roles
	  *
	  -->
	<table name="roles">
		<field name="user_id" type="I4">
			<NOTNULL />
		</field>
		<field name="role_id" type="I4">
			<NOTNULL />
		</field>
		<descr>User roles.</descr>
		<index name="roles_archive_id">
			<col>archive_id</col>
		</index>
		<index name="roles_user_id">
			<col>user_id</col>
		</index>
		<index name="roles_role_id">
			<col>role_id</col>
		</index>
		<index name="roles_pkey">
			<col>archive_id</col>
			<col>user_id</col>
			<col>role_id</col>
			<UNIQUE />
		</index>
	</table>

	<!--
	  *
	  * TABLE archives
	  *
	  -->
	<table name="archives">
		<field name="archive_id" type="I4">
			<KEY/>
			<AUTOINCREMENT/>
		</field>
		<field name="harvester_plugin" type="C2" size="80">
			<NOTNULL/>
		</field>
		<field name="schema_plugin" type="C2" size="80" />
		<field name="public_archive_id" type="C2" size="40"/>
		<field name="user_id" type="I4">
			<NOTNULL/>
		</field>
		<field name="title" type="C2" size="255">
			<NOTNULL/>
		</field>
		<field name="url" type="C2" size="255">
			<NOTNULL/>
		</field>
		<field name="enabled" type="I1"/>
		<descr>Archives and basic archive settings.</descr>
		<index name="archive_public_id">
			<col>public_archive_id</col>
		</index>
	</table>
	
	<!--
	  *
	  * TABLE records
	  *
	  -->
	<table name="records">
		<field name="record_id" type="I4">
			<KEY/>
			<AUTOINCREMENT/>
		</field>
		<field name="archive_id" type="I4">
			<NOTNULL/>
		</field>
		<field name="schema_plugin_id" type="I2">
			<NOTNULL/>
		</field>
		<field name="identifier" type="C2" size="255"/>
		<field name="datestamp" type="T"/>
		<field name="contents" type="X"/>
		<field name="parsed_contents" type="X"/>
		<index name="record_identifier">
			<col>identifier</col>
			<UNIQUE/>
		</index>
	</table>

	<!--
	  *
	  * TABLE raw_fields
	  *
	  -->
	<table name="raw_fields">
		<field name="raw_field_id" type="I2">
			<KEY/>
			<AUTOINCREMENT/>
		</field>
		<field name="name" type="C2" size="60">
			<NOTNULL/>
		</field>
		<field name="schema_plugin_id" type="I2">
			<NOTNULL/>
		</field>
		<index name="raw_field_symbolic_name">
			<col>name</col>
			<col>schema_plugin_id</col>
			<UNIQUE/>
		</index>
	</table>

	<!--
	  *
	  * TABLE schema_plugins
	  *
	  -->
	<table name="schema_plugins">
		<field name="schema_plugin_id" type="I2">
			<KEY/>
			<AUTOINCREMENT/>
		</field>
		<field name="schema_plugin" type="C2" size="60">
			<NOTNULL/>
		</field>
		<index name="schema_plugin_name">
			<col>schema_plugin</col>
			<UNIQUE/>
		</index>
	</table>

	<!--
	  *
	  * TABLE schema_plugins
	  *
	  -->
	<table name="schema_aliases">
		<field name="schema_plugin_id" type="I2">
			<NOTNULL/>
		</field>
		<field name="alias" type="C2" size="60">
			<NOTNULL/>
		</field>
		<index name="schema_alias_name">
			<col>alias</col>
			<UNIQUE/>
		</index>
	</table>

	<!--
	  *
	  * TABLE plugin_settings
	  *
	  -->
	<table name="plugin_settings">
		<field name="plugin_name" type="C2" size="80">
			<KEY/>
		</field>
		<field name="setting_name" type="C2" size="80">
			<KEY/>
		</field>
		<field name="archive_id" type="I4">
			<NOTNULL/>
			<DEFAULT VALUE="0"/>
		</field>
		<field name="setting_value" type="X"/>
		<field name="setting_type" type="C2" size="6">
			<NOTNULL/>
			<descr>(bool|int|float|string|object)</descr>
		</field>
		<descr>Site settings.</descr>
		<index name="plugin_settings_plugin_name">
			<col>plugin_name</col>
		</index>
	</table>
	
	<!--
	  *
	  * TABLE archive_settings
	  *
	  -->
	<table name="archive_settings">
		<field name="archive_id" type="I4">
			<KEY/>
		</field>
		<field name="setting_name" type="C2" size="80">
			<KEY/>
		</field>
		<field name="setting_value" type="X"/>
		<field name="setting_type" type="C2" size="6">
			<NOTNULL/>
			<descr>(bool|int|float|string|object)</descr>
		</field>
		<descr>Site settings.</descr>
		<index name="archive_settings_archive_id">
			<col>archive_id</col>
		</index>
	</table>
	
	<!--
	  *
	  * TABLE email_templates
	  *
	  -->
	<table name="email_templates">
		<field name="email_id" type="I4">
			<KEY/>
			<AUTOINCREMENT/>
		</field>
		<field name="email_key" type="C2" size="30">
			<NOTNULL/>
			<descr>Unique identifier for this email.</descr>
		</field>
		<field name="enabled" type="I1">
			<NOTNULL/>
			<DEFAULT VALUE="1"/>
		</field>
		<field name="can_disable" type="I1">
			<NOTNULL/>
			<DEFAULT VALUE="1"/>
		</field>
		<field name="can_edit" type="I1">
			<NOTNULL/>
			<DEFAULT VALUE="1"/>
		</field>
		<descr>Email templates.</descr>
		<index name="email_templates_default_email_key">
			<col>email_key</col>
			<UNIQUE/>
		</index>
	</table>
	
	<!--
	  *
	  * TABLE email_templates_data
	  *
	  -->
	<table name="email_templates_data">
		<field name="email_key" type="C2" size="30">
			<KEY/>
			<descr>Unique identifier for this email.</descr>
		</field>
		<field name="locale" type="C2" size="5">
			<KEY/>
			<DEFAULT VALUE="en_US"/>
		</field>
		<field name="subject" type="C2" size="120">
			<NOTNULL/>
		</field>
		<field name="body" type="X"/>
		<field name="description" type="X"/>
		<descr>Default data for email templates.</descr>
	</table>
	
	<!--
	  *
	  * TABLE rt_versions
	  *
	 -->
	<table name="rt_versions">
		<field name="version_id" type="I4">
			<KEY/>
			<AUTOINCREMENT/>
		</field>
		<field name="archive_id" type="I4">
			<NOTNULL/>
		</field>
		<field name="version_key" type="C2" size="40">
			<NOTNULL/>
		</field>
		<field name="locale" type="C2" size="5">
			<DEFAULT VALUE="en_US"/>
		</field>
		<field name="title" type="C2" size="120">
			<NOTNULL/>
		</field>
		<field name="description" type="X"/>
		<descr>Reading Tools versions.</descr>
		<index name="rt_versions_archive_id">
			<col>archive_id</col>
		</index>
		<index name="rt_versions_version_key">
			<col>version_key</col>
		</index>
	</table>
	
	<!--
	  *
	  * TABLE rt_contexts
	  *
	 -->
	<table name="rt_contexts">
		<field name="context_id" type="I4">
			<KEY/>
			<AUTOINCREMENT/>
		</field>
		<field name="version_id" type="I4">
			<NOTNULL/>
		</field>
		<field name="title" type="C2" size="120">
			<NOTNULL/>
		</field>
		<field name="abbrev" type="C2" size="32">
			<NOTNULL/>
		</field>
		<field name="description" type="X"/>
		<field name="cited_by" type="I1">
			<NOTNULL/>
			<DEFAULT VALUE="0"/>
		</field>
		<field name="author_terms" type="I1">
			<NOTNULL/>
			<DEFAULT VALUE="0"/>
		</field>
		<field name="define_terms" type="I1">
			<NOTNULL/>
			<DEFAULT VALUE="0"/>
		</field>
		<field name="geo_terms" type="I1">
			<NOTNULL/>
			<DEFAULT VALUE="0"/>
		</field>
		<field name="seq" type="F">
			<NOTNULL/>
			<DEFAULT VALUE="0"/>
		</field>
		<descr>Reading Tools contexts (within versions).</descr>
		<index name="rt_contexts_version_id">
			<col>version_id</col>
		</index>
	</table>
	
	<!--
	  *
	  * TABLE rt_searches
	  *
	 -->
	<table name="rt_searches">
		<field name="search_id" type="I4">
			<KEY/>
			<AUTOINCREMENT/>
		</field>
		<field name="context_id" type="I4">
			<NOTNULL/>
		</field>
		<field name="title" type="C2" size="120">
			<NOTNULL/>
		</field>
		<field name="description" type="X"/>
		<field name="url" type="X"/>
		<field name="search_url" type="X"/>
		<field name="search_post" type="X"/>
		<field name="seq" type="F">
			<NOTNULL/>
			<DEFAULT VALUE="0"/>
		</field>
		<descr>Reading Tools searches (within contexts).</descr>
		<index name="rt_searches_context_id">
			<col>context_id</col>
		</index>
	</table>
		
	<!--
	  *
	  * TABLE sort_orders
	  *
	 -->
	<table name="sort_orders">
		<field name="sort_order_id" type="I2">
			<KEY />
			<AUTOINCREMENT />
		</field>
		<field name="is_clean" type="I1">
			<NOTNULL />
			<DEFAULT VALUE="0" />
		</field>
		<field name="order_type" type="I4">
			<NOTNULL />
		</field>
	</table>

	<!--
	  *
	  * TABLE sort_order_fields
	  *
	  -->
	<table name="sort_order_fields">
		<field name="sort_order_id" type="I2">
			<NOTNULL/>
		</field>
		<field name="raw_field_id" type="I2">
			<NOTNULL/>
		</field>
		<field name="schema_plugin_id" type="I2">
			<NOTNULL/>
		</field>
		<index name="sort_order_fields_pkey">
			<col>sort_order_id</col>
			<col>raw_field_id</col>
			<col>schema_plugin_id</col>
			<UNIQUE />
		</index>
		<index name="sort_order_fields_altpkey">
			<col>sort_order_id</col>
			<col>schema_plugin_id</col>
			<UNIQUE />
		</index>
	</table>

	<!--
	  *
	  * TABLE sort_order_settings
	  *
	 -->
	<table name="sort_order_settings">
		<field name="sort_order_id" type="I2">
			<NOTNULL/>
		</field>
		<field name="locale" type="C2" size="5">
			<NOTNULL/>
			<DEFAULT VALUE=""/>
		</field>
		<field name="setting_name" type="C2" size="255">
			<NOTNULL/>
		</field>
		<field name="setting_value" type="X"/>
		<field name="setting_type" type="C2" size="6">
			<NOTNULL/>
		</field>
		<descr>Locale-specific sort order data</descr>
		<index name="sort_order_settings_order_id">
			<col>sort_order_id</col>
		</index>
		<index name="sort_order_settings_pkey">
			<col>sort_order_id</col>
			<col>locale</col>
			<col>setting_name</col>
			<UNIQUE />
		</index>
	</table>

	<!--
	  *
	  * TABLE sort_order_strings
	  *
	 -->
	<table name="sort_order_strings">
		<field name="record_id" type="I4">
			<NOTNULL/>
		</field>
		<field name="sort_order_id" type="I2">
			<NOTNULL/>
		</field>
		<field name="value" type="C2" size="128">
			<NOTNULL/>
		</field>
		<index name="sort_order_string">
			<col>value</col>
			<col>sort_order_id</col>
		</index>
		<index name="sort_order_strings_pkey">
			<col>record_id</col>
			<col>sort_order_id</col>
			<UNIQUE/>
		</index>
	</table>

	<!--
	  *
	  * TABLE sort_order_numbers
	  *
	 -->
	<table name="sort_order_numbers">
		<field name="record_id" type="I4">
			<NOTNULL/>
		</field>
		<field name="sort_order_id" type="I2">
			<NOTNULL/>
		</field>
		<field name="value" type="N">
			<NOTNULL/>
		</field>
		<index name="sort_order_number">
			<col>value</col>
			<col>sort_order_id</col>
		</index>
		<index name="sort_order_numbers_pkey">
			<col>record_id</col>
			<col>sort_order_id</col>
			<UNIQUE/>
		</index>
	</table>

	<!--
	  *
	  * TABLE sort_order_dates
	  *
	 -->
	<table name="sort_order_dates">
		<field name="record_id" type="I4">
			<NOTNULL/>
		</field>
		<field name="sort_order_id" type="I2">
			<NOTNULL/>
		</field>
		<field name="value" type="T">
			<NOTNULL/>
		</field>
		<index name="sort_order_date">
			<col>value</col>
			<col>sort_order_id</col>
		</index>
		<index name="sort_order_dates_pkey">
			<col>record_id</col>
			<col>sort_order_id</col>
			<UNIQUE/>
		</index>
	</table>
</schema>
