<?xml version="1.0" encoding="UTF-8"?>
<!DOCTYPE install SYSTEM "../../lib/pkp/dtd/install.dtd">

<!--
  * install.xml
  *
  * Copyright (c) 2005-2012 Alec Smecher and John Willinsky
  * Distributed under the GNU GPL v2. For full terms see the file docs/COPYING.
  *
  * Installation descriptor file.
  *
  * $Id$
  -->

<install version="2.3.1.0">
	<code function="createDatabase" />

	<!-- PKP schema components -->
	<schema file="lib/pkp/xml/schema/common.xml" />
	<schema file="lib/pkp/xml/schema/controlledVocab.xml" />

	<!-- Harvester schema -->
	<schema file="dbscripts/xml/harvester2_schema.xml" />

	<!-- Other install tasks -->
	<data file="dbscripts/xml/data/email_templates.xml" />
	<data file="dbscripts/xml/data/locale/{$installedLocale}/email_templates_data.xml" />
	<code function="createData" />
	<code function="createConfig" />
</install>
