<?xml version="1.0" encoding="UTF-8"?>
<!DOCTYPE version SYSTEM "../../lib/pkp/dtd/version.dtd">
<!--
  * version.xml
  *
  * Copyright (c) 2005-2012 Alec Smecher and John Willinsky
  * Distributed under the GNU GPL v2. For full terms see the file docs/COPYING.
  *
  * Open Harvester Systems version information.
  *
  * $Id$
  -->

<version>
	<application>harvester2</application>
	<type>core</type>
	<release>2.3.1.0</release>
	<tag>ohs-2_3_1-0</tag>
	<date>2010-08-12</date>
	<info>https://pkp.sfu.ca/ohs/</info>
	<package>https://pkp.sfu.ca/harvester2/download/ohs-2.3.1.tar.gz</package>
</version>
