<?xml version="1.0" encoding="UTF-8"?>
<!DOCTYPE data SYSTEM "../../../lib/pkp/dtd/xmlData.dtd">

<!--
  * email_templates.xml
  *
  * Copyright (c) 2005-2012 Alec Smecher and John Willinsky
  * Distributed under the GNU GPL v2. For full terms see the file docs/COPYING.
  *
  * Email templates XML file.
  *
  * $Id$
  -->

<data>
	<table name="email_templates">

		<!--
		  *
		  * General
		  *
		  -->
		<row>
			<field name="email_key">PASSWORD_RESET_CONFIRM</field>
			<field name="can_edit">1</field>
			<field name="can_disable">0</field>
		</row>
		<row>
			<field name="email_key">PASSWORD_RESET</field>
			<field name="can_edit">1</field>
			<field name="can_disable">0</field>
		</row>
		<row>
			<field name="email_key">USER_REGISTER</field>
			<field name="can_edit">1</field>
			<field name="can_disable">0</field>
		</row>
		<row>
			<field name="email_key">USER_VALIDATE</field>
			<field name="can_edit">1</field>
			<field name="can_disable">0</field>
		</row>
		<row>
			<field name="email_key">NEW_ARCHIVE_NOTIFY</field>
			<field name="can_edit">1</field>
			<field name="can_disable">1</field>
		</row>
	</table>
</data>
