<?xml version="1.0" encoding="UTF-8"?>
<!DOCTYPE topic SYSTEM "../../../../lib/pkp/dtd/helpTopic.dtd">

<!--
  * 000000.xml
  *
  * Copyright (c) 2005-2012 Alec Smecher and John Willinsky
  * Distributed under the GNU GPL v2. For full terms see the file docs/COPYING.
  *
  * User Home Help Page 
  *
  -->

<topic id="user/topic/000000" locale="ar_IQ" title="User Home" toc="index/toc/000000" key="user.userHome">
		<section>
			<![CDATA[<p>بمجرد ولوج المستخدم، سيظهر له رابط في أعلى شريط التنقل يذهب به إلى صفحته الرئيسية.</p><p>إذا كان للمستخدم دور ما ضمن النظام، ستظهر له روابط تتعلق بتلك الأدوار تحت اسم المستودع. هناك دوران فقط في النظام، هما دور المشرف على الموقع ومدير الحفظ.</p>]]>

	</section>

	<section title="Account Information">
			<![CDATA[<p>معلومات المستخدم يمكن الوصول إليها من صفحة المستخدم الرئيسية. النقر على رابط <em>تعديل ملفي الشخصي</em>
			سيسمح للمستخدم بتعديل أغلب البيانات الخاصة بحسابه، مثل اسمه الأول والأخير، عنوانه البريدي، بريده الالكتروني... إلخ.
			الاسم الأول والأخير والبريد الالكتروني جميعها حقول إجبارية. لا بد أن تكون عناوين البريد الالكتروني فريدة على مستوى النظام.
			يتعذر على المستخدمين تغيير حقل اسم المستخدم بعد التسجيل.</p>
			<p>يمكن للمستخدمين تغيير كلمات مرورهم عبر النقر على رابط <em>تغيير كلمة مروري</em>.</p>
			<p>يمكن للمستخدم الخروج من الموقع عبر النقر على رابط <em>تسجيل الخروج</em>.</p>]]>

	</section>
</topic>
