<?xml version="1.0" encoding="UTF-8"?>
<!DOCTYPE data SYSTEM "../../../lib/pkp/dtd/xmlData.dtd">

<!--
  * 2.0.1_update.xml
  *
  * Copyright (c) 2005-2012 Alec Smecher and John Willinsky
  * Distributed under the GNU GPL v2. For full terms see the file docs/COPYING.
  *
  * 2.0.1 database updates XML file.
  *
  * $Id$
  -->

<data>
	<!-- Database structure changes. This is much faster than the
	     schema verification process for small changes. -->
	<sql>
		<query>
			CREATE TABLE captchas (
				captcha_id SERIAL,
				session_id varchar(32) NOT NULL,
				value varchar(20) NOT NULL,
				date_created datetime NOT NULL
			)
		</query>
		<query>ALTER TABLE archives ADD COLUMN enabled INT</query>
	</sql>

	<!-- Bug #2440: Add enabled/disabled flag to archives. Default enabled. -->
	<sql>
		<query>UPDATE archives SET enabled = 1</query>
	</sql>

	<!-- Bug #2446: Add enabled/disabled flag for user site submission. Default enabled. -->
	<sql>
		<query>
			INSERT INTO site_settings (setting_name, setting_value, setting_type) VALUES ('enableSubmit', 1, 'bool')
		</query>
	</sql>
</data>
