<?xml version="1.0" encoding="UTF-8"?>
<!DOCTYPE version SYSTEM "../../lib/pkp/dtd/rtVersion.dtd">

<!--
  * Computer_Science.xml
  *
  * Copyright (c) 2005-2012 Alec Smecher and John Willinsky
  * Distributed under the GNU GPL v2. For full terms see the file docs/COPYING.
  *
  * Reading Tools version: Computer Science (en_US)
  *
  * $Id$
  -->

<version id="Computer_Science" locale="en_US">
	<version_title>Computer Science</version_title>
	<version_description>The Reading Tools can help readers of this study consult a wide range of related resources that can provide a context for interpreting, situating and evaluating the study.</version_description>

	<context>
		<context_title>Author's work</context_title>
		<context_abbrev>Other Works</context_abbrev>
		<context_description>Identify other works by the article's author(s) by using OAI engines.</context_description>
		<author_terms />
		<search>
			<search_title>Google Scholar</search_title>
			<search_description>Google Scholar enables specific searches of scholarly literature, including peer-reviewed papers, theses, books, pre-prints, abstracts, and technical reports. Content includes a range of publishers and aggregators with whom Google already has standing arrangements, e.g., the Association for Computing Machinery, IEEE, OCLC's Open WorldCat library locator service, etc. Result displays will show different version clusters, citation analysis, and library location (currently books only).</search_description>
			<url>http://scholar.google.com</url>
			<search_url>http://scholar.google.com/scholar?ie=UTF-8&amp;oe=UTF-8&amp;hl=eng&amp;as_sauthors={$formKeywords}</search_url>
			
		</search>
		<search>
			<search_title>Collection of Computer Science Bibliographies</search_title>
			<search_description>Contains about 1,200 bibliographies with over 1 million references, including over 100,000 web links to the full text of the article.</search_description>
			<url>http://liinwww.ira.uka.de/bibliography/index.html#about</url>
			<search_url>http://liinwww.ira.uka.de/csbib?online=&amp;maxnum=200&amp;sort=year&amp;query={$formKeywords}</search_url>
			
		</search>
		<search>
			<search_title>OAIster (Open Archives Initiative research databases)</search_title>
			<search_description>OAIster is a project of the University of Michigan Digital Library Production Services, and provides searching a wide variety of collections from a wide variety of institutions. These institutions have made the records of their digital resources available to access, and the project team has gathered and aggregated them into the OAIster service.</search_description>
			<url>http://oaister.umdl.umich.edu/</url>
			<search_url>http://oaister.umdl.umich.edu/cgi/b/bib/bib-idx?type=boolean&amp;size=10&amp;c=oaister&amp;q1=&amp;rgn1=entire+record&amp;op2=and&amp;q2=&amp;rgn2=entire+record&amp;op3=And&amp;q3=&amp;rgn3=title&amp;op4=And&amp;rgn4=author&amp;op5=And&amp;q5=&amp;rgn5=subject&amp;op6=And&amp;rgn6=norm&amp;q6=all+types&amp;sort=author%2Fcreator&amp;submit2=search&amp;q4={$formKeywords}</search_url>
			
		</search>
		<search>
			<search_title>DOE Information Bridge</search_title>
			<search_description>The Information Bridge provides the open source to full-text and bibliographic records of Department of Energy (DOE) research and development reports in physics, chemistry, materials, biology, environmental sciences, energy technologies, engineering, computer and information science, renewable energy, and other topics.</search_description>
			<url>http://www.osti.gov/bridge/index.jsp</url>
			<search_url>http://www.osti.gov/bridge/basicsearch.jsp?act=Search&amp;formname=basicsearch.jsp&amp;review=1&amp;SortBy=RELV&amp;SortOrder=DESC&amp;querytype=search&amp;searchFor={$formKeywords}</search_url>
			
		</search>
		<search>
			<search_title>NCSTRL</search_title>
			<search_description>NCSTRL is an international collection of computer science research reports and papers made available for non-commercial use from a number of participating institutions and archives. NCSTRL provides access to over 20,000 technical reports in computer science.</search_description>
			<url>http://www.ncstrl.org:8900/ncstrl/index.html</url>
			<search_url>http://www.ncstrl.org:8900/ncstrl/servlet/search?formname=simple&amp;group=archive&amp;sort=rank&amp;fulltext={$formKeywords}</search_url>
			
		</search>
		<search>
			<search_title>Public Knowledge Project Open Archives Harvester</search_title>
			<search_description>The PKP Open Archives Harvester is a free metadata indexing system developed by the Public Knowledge Project through its federally funded efforts to expand and improve access to research. The PKP OAI Harvester allows you to create a searchable index of the metadata from Open Archives Initiative-compliant archives, such as sites using Open Journal Systems or Open Conference Systems.</search_description>
			<url>http://pkp.sfu.ca/harvester/</url>
			<search_url>http://pkp.sfu.ca/harvester/search.php?limit=author&amp;query={$formKeywords}</search_url>
			
		</search>
		<search>
			<search_title>arXiv.org</search_title>
			<search_description>ArXiv is an e-print service in the fields of physics, mathematics, non-linear science and computer science.</search_description>
			<url>http://arxiv.org/</url>
			<search_url>http://arxiv.org/search?searchtype=all&amp;query={$formKeywords}</search_url>
			
		</search>
		<search>
			<search_title>devx</search_title>
			<search_description>devx provides full text of more than 100,000 indexed and searchable articles, reviews, and more.</search_description>
			<url>http://www.devx.com/</url>
			<search_url>http://www.google.com/custom?cof=T%3A%23000000%3BLW%3A70%3BBIMG%3Ahttp%3A%2F%2Fwww.devxcom%2Fimages%2Fredesign%2Fbackground2.gif%3BALC%3A%23000099%3BL%3Ahttp%3A%2F%2Fwww.devx.com%2Fimages%2Fredesign%2Fnewlogosm2.gif%3BLC%3A%23000099%3BLH%3A70%3BBGC%3AFAFAE6%3BAH%3Aleft%3BVLC%3A%23000099%3BGL%3A0%3BAWFID%3Aaf259f950e64cb71%3B&amp;domains=devx.com%3Bprojectcool.com%3Bvb2themax.com&amp;sitesearch=devx.com&amp;sa.x=16&amp;sa.y=25&amp;q={$formKeywords}</search_url>
			
		</search>
		<search>
			<search_title>CiteSeer</search_title>
			<search_description>CiteSeer makes available a broad, fully indexed, database of research papers from the various computer science fields.</search_description>
			<url>http://citeseer.ist.psu.edu/cs</url>
			<search_url>http://citeseer.ist.psu.edu/cs?submit=Search+Documents&amp;cs=1&amp;q={$formKeywords}</search_url>
			
		</search>
	</context>
	<context>
		<context_title>Look up terms</context_title>
		<context_abbrev>Look up terms</context_abbrev>
		<context_description>Double click on any word in the text and it will appear in the &quot;Definition of terms&quot; box.  You can also type or paste a word into the box.  Then use the search function to find a definition for the word.  These resources have been selected because of their relevance and their open (free) access to all or part of their contents.</context_description>
		<define_terms />
		<search>
			<search_title>Google</search_title>
			<search_description>Search for definitions using the popular Google search engine.</search_description>
			<url>http://www.google.com/</url>
			<search_url>http://www.google.com/search?hl=en&amp;q=define%3A{$formKeywords}</search_url>
			
		</search>
		<search>
			<search_title>Webopedia</search_title>
			<search_description>Webopedia is an online dictionary with definitions of technical terms related to computers and the Internet.</search_description>
			<url>http://www.webopedia.com/</url>
			<search_url>http://search.internet.com/www.webopedia.com?IC_QueryDatabases=www.webopedia.com&amp;IC_QueryText={$formKeywords}</search_url>
			
		</search>
		<search>
			<search_title>WhatIs.com</search_title>
			<search_description>WhatIs.com is an online encyclopedia of information technology terms.</search_description>
			<url>http://whatis.techtarget.com/</url>
			<search_url>http://whatis.techtarget.com/wsearchResults/1,290214,sid9,00.html?query={$formKeywords}</search_url>
			
		</search>
		<search>
			<search_title>Free On-Line Dictionary of Computing</search_title>
			<search_description>FOLDOC is a searchable dictionary of acronyms, jargon, programming languages, tools, architecture, operating systems, networking, theory, conventions, standards, mathematics, telecoms, electronics, institutions, companies, projects, products, and history related to computing.</search_description>
			<url>http://foldoc.org/</url>
			<search_url>http://foldoc.org/{$formKeywords}</search_url>
			
		</search>
		<search>
			<search_title>Merriam-Webster Online</search_title>
			<search_description>A dictionary based on the Webster 10th Collegiate edition, 1993, with updates added annually. More than 160,000 entries. Each word is accompanied by definition, pronunciation, usage, grammatical function, and a brief etymology. Includes a thesaurus. Misspellings return suggested spellings. The dictionary's search system supports internal wildcards and right hand truncation searching. Includes an extensive pronunciation guide and sound files for the pronunciation of many terms.</search_description>
			<url>http://www.merriam-webster.com/</url>
			<search_url>http://www.merriam-webster.com/cgi-bin/dictionary?book=Dictionary&amp;va={$formKeywords}</search_url>
			
		</search>
		<search>
			<search_title>OneLook Dictionaries</search_title>
			<search_description>OneLook is a meta-dictionary. Enter an English language 
word or acronym, and OneLook will search its index of 5,292,362 words in 934 
dictionaries indexed in general and special interest dictionaries for the 
definition.</search_description>
			<url>http://www.onelook.com/index.html</url>
			<search_url>http://www.onelook.com/?ls=a&amp;w={$formKeywords}</search_url>
			
		</search>
		<search>
			<search_title>Wikipedia: The Free Encyclopedia</search_title>
			<search_description>&quot;Wikipedia is a free content encyclopedia that is being written collaboratively by contributors from all around the world. The site is a WikiWiki, meaning that anyone ... can edit any article. ...&quot; Without editorial oversight, the quality of the content on this site varies dramatically, but it is worth exploring. The English version has hundreds of thousands of entries. Spanish, French, and Esperanto are among the several other languages offered.</search_description>
			<url>http://en.wikipedia.org/wiki/Main_Page</url>
			<search_url>http://en.wikipedia.org/wiki/Special:Search?go=Go&amp;fulltext=Search&amp;search={$formKeywords}</search_url>
			
		</search>
		<search>
			<search_title>Infoplease.com</search_title>
			<search_description>This site includes contents of the Information Please Almanacs, a biography database, a dictionary, an atlas, and articles from the Columbia Encyclopedia. You can search these ready reference works together or separately or browse the Almanacs. There are feature stories each week covering topics in the news, with links to pertinent Almanac content and other Web resources.</search_description>
			<url>http://www.infoplease.com</url>
			<search_url>http://www.infoplease.com/search?fr=iptn&amp;in=all&amp;x=0&amp;y=0&amp;query={$formKeywords}</search_url>
			
		</search>
	</context>
	<context>
		<context_title>Related studies</context_title>
		<context_abbrev>Related studies</context_abbrev>
		<context_description>Access to related studies by establishing a working link with an open-access (free) database, with abstracts and/or full texts related to your topic.</context_description>

		<search>
			<search_title>arXiv.org</search_title>
			<search_description>ArXiv is an e-print service in the fields of physics, mathematics, non-linear science and computer science.</search_description>
			<url>http://arxiv.org/</url>
			<search_url>http://arxiv.org/search?searchtype=all&amp;query={$formKeywords}</search_url>
			
		</search>
		<search>
			<search_title>CiteSeer</search_title>
			<search_description>CiteSeer makes available a broad, fully indexed, database of research papers from the various computer science fields.</search_description>
			<url>http://citeseer.ist.psu.edu/cs</url>
			<search_url>http://citeseer.ist.psu.edu/cs?submit=Search+Documents&amp;cs=1&amp;q={$formKeywords}</search_url>
			
		</search>
		<search>
			<search_title>Collection of Computer Science Bibliographies</search_title>
			<search_description>Contains about 1,200 bibliographies with over 1 million references, including over 100,000 web links to the full text of the article.</search_description>
			<url>http://liinwww.ira.uka.de/bibliography/index.html#about</url>
			<search_url>http://liinwww.ira.uka.de/csbib?online=&amp;maxnum=200&amp;sort=year&amp;query={$formKeywords}</search_url>
			
		</search>
		<search>
			<search_title>NCSTRL</search_title>
			<search_description>NCSTRL is an international collection of computer science research reports and papers made available for non-commercial use from a number of participating institutions and archives. NCSTRL provides access to over 20,000 technical reports in computer science.</search_description>
			<url>http://www.ncstrl.org:8900/ncstrl/index.html</url>
			<search_url>http://www.ncstrl.org:8900/ncstrl/servlet/search?formname=simple&amp;group=archive&amp;sort=rank&amp;fulltext={$formKeywords}</search_url>
			
		</search>
		<search>
			<search_title>DOE Information Bridge</search_title>
			<search_description>The Information Bridge provides the open source to full-text and bibliographic records of Department of Energy (DOE) research and development reports in physics, chemistry, materials, biology, environmental sciences, energy technologies, engineering, computer and information science, renewable energy, and other topics.</search_description>
			<url>http://www.osti.gov/bridge/index.jsp</url>
			<search_url>http://www.osti.gov/bridge/basicsearch.jsp?act=Search&amp;formname=basicsearch.jsp&amp;review=1&amp;SortBy=RELV&amp;SortOrder=DESC&amp;querytype=search&amp;searchFor={$formKeywords}</search_url>
			
		</search>
		<search>
			<search_title>devx</search_title>
			<search_description>devx provides full text of more than 100,000 indexed and searchable articles, reviews, and more.</search_description>
			<url>http://www.devx.com/</url>
			<search_url>http://www.google.com/custom?cof=T%3A%23000000%3BLW%3A70%3BBIMG%3Ahttp%3A%2F%2Fwww.devxcom%2Fimages%2Fredesign%2Fbackground2.gif%3BALC%3A%23000099%3BL%3Ahttp%3A%2F%2Fwww.devx.com%2Fimages%2Fredesign%2Fnewlogosm2.gif%3BLC%3A%23000099%3BLH%3A70%3BBGC%3AFAFAE6%3BAH%3Aleft%3BVLC%3A%23000099%3BGL%3A0%3BAWFID%3Aaf259f950e64cb71%3B&amp;domains=devx.com%3Bprojectcool.com%3Bvb2themax.com&amp;sitesearch=devx.com&amp;sa.x=16&amp;sa.y=25&amp;q={$formKeywords}</search_url>
			
		</search>
		<search>
			<search_title>HCI Bibliography: : Human-Computer Interaction Resources</search_title>
			<search_description>The HCI Bibliography (HCIBIB) is a free-access bibliography on Human-Computer Interaction, with over 28,5000 records in a searchable database.</search_description>
			<url>http://www.hcibib.org/</url>
			<search_url>http://www.hcibib.org/gs.cgi?highlight=checked&amp;action=Search&amp;terms={$formKeywords}</search_url>
			
		</search>
	</context>
	<context>
		<context_title>Book searches</context_title>
		<context_abbrev>Book searches</context_abbrev>
		<context_description>Book-related Resources</context_description>

		<search>
			<search_title>Google Print</search_title>
			<search_description>Google is working with libraries at the University of Michigan, Harvard University, Stanford University, Oxford University and the New York Public Library to digitize books in their collections and make them accessible via Google Print, a massive scanning project that will bring millions of volumes of printed books into the Google Print database.  Click a book title and you'll see the page of the book that has your search terms, your can search for more information within that specific book, find reviews, find related information, learn about the publisher, buy this book, and find nearby libraries that have it.</search_description>
			<url>http://print.google.com</url>
			<search_url>http://print.google.com/print?q={$formKeywords}</search_url>
			
		</search>
		<search>
			<search_title>Online books Page</search_title>
			<search_description>Online books Page, edited by John Mark Ockerbloom, at the University of Pennsylvania.  This is an excellent starting point in the search for full-text books on the Internet. Over 20,000 English works in various formats available online at different sites. Entries may be searched by author or title. An interesting feature allows browsing by Library of Congress call number categories. New listings are added regularly and are listed on a separate web page at &lt;a href=&quot;http://onlinebooks.library.upenn.edu/new.html&quot;&gt;http://onlinebooks.library.upenn.edu/new.html&lt;/a&gt;.</search_description>
			<url>http://digital.library.upenn.edu/books/</url>
			<search_url>http://onlinebooks.library.upenn.edu/webbin/book/search?tmode=words&amp;title={$formKeywords}</search_url>
			
		</search>
		<search>
			<search_title>Books-On-Line</search_title>
			<search_description>A collection of over 32935 titles, although some are only excerpts. Browse by subject or search by author or title. Not all items are free.</search_description>
			<url>http://www.books-on-line.com/</url>
			<search_url>http://www.books-on-line.com/bol/KeyWordSearch.cfm?RowCount=50&amp;Searchquery={$formKeywords}</search_url>
			
		</search>
		<search>
			<search_title>O'Reilly Search</search_title>
			<search_description>Search for books, articles, weblogs, conferences, and other resources published or maintained by O'Reilly &amp; Associates, world-renowned publishers.</search_description>
			<url>http://www.oreillynet.com/search/</url>
			<search_url>http://catsearch.atomz.com/search/catsearch/?sp-a=sp1000a5a9&amp;sp-f=ISO-8859-1&amp;sp-t=cat_search&amp;sp-advanced=1&amp;sp-p=any&amp;sp-d=custom&amp;sp-date-range=-1&amp;sp-q-1=&amp;sp-x-1=collection&amp;sp-c=10&amp;sp-m=1&amp;sp-s=0&amp;sp-q={$formKeywords}</search_url>
			
		</search>
		<search>
			<search_title>Safari Tech Books Online</search_title>
			<search_description>O'Reilly's online technical reference library.</search_description>
			<url>http://safari.oreilly.com</url>
			<search_url>http://safari.oreilly.com/search?_formName=searchForm&amp;searchlistbox=Entire Site&amp;searchtextbox={$formKeywords}</search_url>
			
		</search>
		<search>
			<search_title>Universal Library</search_title>
			<search_description>The Universal Library is considerably more involved, and more ambitious -- it has amassed a collection of 100,000 e-books (some of them from Project Gutenberg), and is aiming for 1 million e-books by the end of 2006.</search_description>
			<url>http://tera-3.ul.cs.cmu.edu/</url>
			<search_url>http://tera-3.ul.cs.cmu.edu/cgi-bin/DBscripts/advsearch_db.cgi?perPage=25&amp;listStart=0&amp;author1=&amp;subject1=Any&amp;year1=&amp;year2=&amp;language1=Any&amp;scentre=Any&amp;search=Search&amp;title1={$formKeywords}</search_url>
			
		</search>
	</context>
	<context>
		<context_title>Databases</context_title>
		<context_abbrev>Databases</context_abbrev>
		<context_description>Databases containing information related to Computing Science</context_description>

		<search>
			<search_title>Collection of Computer Science Bibliographies</search_title>
			<search_description>Collection of Computer Science Bibliographies - A searchable collection of bibliographies from various sources, covering most aspects of computer science. Access references to journal articles, conference papers, &amp; technical reports. The collection currently contains more than 2 millions of references (mostly to journal articles, conference papers and technical reports), clustered in about 1500 bibliographies, and consists of more than 2.3 GBytes (530MB gzipped) of BibTeX entries. More than 600 000 references contain cross references to citing or cited publications. More than 1 million of references contain URLs to an online version of the paper. Abstracts are available for more than 800 000 entries. There are more than 2000 links to other sites carrying bibliographic information.</search_description>
			<url>http://liinwww.ira.uka.de/bibliography/index.html</url>
			<search_url>http://liinwww.ira.uka.de/mpsbib?field=&amp;year=&amp;sincd=&amp;before=&amp;results=citation&amp;maxnum=40&amp;online=on&amp;query={$formKeywords}</search_url>
			
		</search>
		<search>
			<search_title>Engineering E-journal Search Engine (EESE)</search_title>
			<search_description>The Engineering E-journal Search Engine (EESE) searches the full text of over 100 free and full text engineering e-Journals.</search_description>
			<url>http://www.eevl.ac.uk/eese/index.html</url>
			<search_url>http://www.eevl.ac.uk/eevl-cross-results.htm?tab=all&amp;eevl_sect=eevl&amp;exact=on&amp;method=All&amp;searchst={$formKeywords}</search_url>
			
		</search>
		<search>
			<search_title>CompuScience</search_title>
			<search_description>&quot;CompuScience&quot; is a bibliographic database covering literature in the field of computer science and computer technology. Dating back to 1936, the database comprises about 656.378 citations.  CompuScience is integrated in io-port.net, the portal for computer science in Germany and Europe.  CompuScience contains the abstracts of the ACM Computing Reviews and the Computer Science Section of Zentralblatt für Mathematik (MATH database) and the abstracts of over 95 selected journals in this area. Citations contain bibliographic information and indexing terms. Many records also include an abstract. Most citations are classified according to the Computing Reviews Classification Scheme of ACM.</search_description>
			<url>http://www.fiz-informationsdienste.de/en/DB/compusci/index.html</url>
			<search_url>http://www.io-port.net/ioport2004/singlefieldSearch.do?feld1=fulltext&amp;eingabe2=&amp;eingabe3=&amp;eingabe4=&amp;eingabe5=&amp;sortierung=jahr&amp;query=&amp;Abschicken=Suchen&amp;eingabe1={$formKeywords}</search_url>
			
		</search>
	</context>
	<context>
		<context_title>Pay-per-view</context_title>
		<context_abbrev>Pay-per-view</context_abbrev>
		<context_description>A pay-per-view service is for those who do not have direct access to electronic journal articles via subscriptions. The service allows customers to gain direct access to an article by paying by credit card using the RSC's secure payment mechanism. Immediately the payment details have been validated, the customer can gain access to the required article file for a period of 30 days.</context_description>

		<search>
			<search_title>Ingenta</search_title>
			<search_description>Ingenta restricts access to full text articles. Although access to the full text costs money, the site can be used as a free index.</search_description>
			<url>http://www.ingenta.com/</url>
			<search_url>http://www.ingenta.com/isis/searching/Search/ingenta?database=1&amp;title={$formKeywords}</search_url>
			
		</search>
		<search>
			<search_title>ebrary</search_title>
			<search_description>Independent researchers who do not have access to ebrary_ databases through their library may now set up an individual account for as little as $5. ebrary Discover spans multiple academic disciplines and provides anytime, anywhere access to over 20,000 authoritative titles including books in full-text, sheet music, reports and other authoritative documents from more than 175 leading publishers such as Cambridge University Press, Random House, Inc., and The McGraw-Hill Companies.</search_description>
			<url>http://www.ebrary.com/corp/content.htm</url>
			<search_url>http://shop.ebrary.com/Top?layout=search&amp;f00=text&amp;p01=&amp;f01=subject&amp;d=journal&amp;l=en&amp;sch=%A0%A0%A0%A0%A0Search%A0%A0%A0%A0%A0&amp;frm=adv.x&amp;p00={$formKeywords}</search_url>
			
		</search>
		<search>
			<search_title>Questia</search_title>
			<search_description>Questia provides access to over 47,000 books and 375,000 journal, magazine, and newspaper articles. All books and articles are available in their entirety - search every page.  The subscription rate is ranging from 19.05 per month to 119.95 per year.</search_description>
			<url>http://www.questia.com/</url>
			<search_url>http://www.questia.com/SM.qst?act=search&amp;keywordsSearchType=1000&amp;mediaType=book&amp;mediaType=journal&amp;mediaType=magazine&amp;mediaType=newspaper&amp;mediaType=encyclopedia&amp;mediaType=startpage&amp;keywords={$formKeywords}</search_url>
			
		</search>
		<search>
			<search_title>Wiley InterScience Pay-per-view Service</search_title>
			<search_description>Wiley InterScience Pay-per-view affords instant, full-text access to an extensive collection of journal articles or book chapters available on Wiley InterScience without the need for a subscription. This service allows anyone to purchase access to individual journal articles or book chapters directly by using a credit card. Access is instant and available for 24 hours.</search_description>
			<url>http://www3.interscience.wiley.com/aboutus/ppv-articleselect.html</url>
			<search_url>http://www3.interscience.wiley.com/search/allsearch</search_url>
			<search_post>allContentSearchForm=&amp;mode=quicksearch&amp;WISindexid1=WISall&amp;WISsearch1={$formKeywords}</search_post>			
		</search>
	</context>
	<context>
		<context_title>Tech. reports</context_title>
		<context_abbrev>Tech. reports</context_abbrev>
		<context_description>Provide gateway to technical report collections.</context_description>

		<search>
			<search_title>GrayLIT Network</search_title>
			<search_description>GrayLIT Network provides a full-text search across the gray literature of multiple government agencies within a science portal of technical reports. It taps into the search engines of distributed gray literature collections, enabling the user to find information without first having to know the sponsoring agency.</search_description>
			<url>http://graylit.osti.gov/</url>
			<search_url>http://graylit.osti.gov/cgi-bin/dexplcgi</search_url>
			<search_post>pp=all&amp;INTERFACE=1WINDOW&amp;FORM=DistributedSearch.html&amp;COLLECTION=dticft&amp;COLLECTION=jpl&amp;COLLECTION=gpoinfo&amp;COLLECTION=langley&amp;MAXDOCS=50&amp;QUERY={$formKeywords}</search_post>			
		</search>
	</context>
	<context>
		<context_title>Patents</context_title>
		<context_abbrev>Patents</context_abbrev>
		<context_description>Access to Canada, U.S. and Europe patent information.</context_description>

		<search>
			<search_title>Canadian Patents Database</search_title>
			<search_description>Canadian Patent Database lets you access over 75 years of patent descriptions and images. You can search, retrieve and study more than 1,500,000 patent documents</search_description>
			<url>http://patents1.ic.gc.ca/intro-e.html</url>
			<search_url>http://patents1.ic.gc.ca/fcgi-bin/patquery_eo_el?-t=_&amp;-l=ibm.html&amp;-m=50&amp;-c=/cpoti/prod/verity/coll/cpd&amp;ERROR_MSG=Query failed with rc =&amp;GENERAL={$formKeywords}</search_url>
			
		</search>
		<search>
			<search_title>Europe's Network of Patent Databases (Esp@cenet)</search_title>
			<search_description>Europe's Network of Patent Databases (Esp@cenet) is a free service for accessing patent information. Four database files may be searched: (1)European Patents (most recent 24 months, with PDF files); (2) PCT(WO) patents (most recent 24 months, with PDF files); (3) worldwide patents (coverage depends on country, mostly back to 1960s or 1970s); and (4) Japanese patents (1976-present). Since 1970, each patent family in the collection has a representative document with a searchable English-language title and abstract.</search_description>
			<url>http://ep.espacenet.com</url>
			<search_url>http://v3.espacenet.com/results?AB=fiber&amp;sf=q&amp;FIRST=1&amp;CY=ep&amp;LG=en&amp;DB=EPODOC&amp;st=AB&amp;Submit=SEARCH&amp;=&amp;=&amp;=&amp;=&amp;=&amp;kw={$formKeywords}</search_url>
			
		</search>
		<search>
			<search_title>USPTO</search_title>
			<search_description>USPTO databases cover the period from 1 January 1976 to the most recent weekly issue date (usually each Tuesday). Also has the ability to order patents within this system.</search_description>
			<url>http://www.uspto.gov/</url>
			<search_url>http://patft.uspto.gov/netacgi/nph-Parser?Sect1=PTO2&amp;Sect2=HITOFF&amp;p=1&amp;u=%2Fnetahtml%2Fsearch-bool.html&amp;r=0&amp;f=S&amp;l=50&amp;FIELD1=&amp;co1=AND&amp;TERM2=&amp;FIELD2=&amp;d=ptxt&amp;TERM1={$formKeywords}</search_url>
			
		</search>
	</context>
	<context>
		<context_title>Standards</context_title>
		<context_abbrev>Standards</context_abbrev>
		<context_description>Access to standards information that is frequently consulted by computer scientists.</context_description>

		<search>
			<search_title>The International Organization for Standardization (ISO)</search_title>
			<search_description>The International Organization for Standardization (ISO) is a worldwide federation of national standards bodies from some 140 countries. ISO's work has resulted in some 12,000 International Standards, representing more than 300,000 pages in English and French.</search_description>
			<url>http://www.iso.ch/iso/en/CatalogueListPage.CatalogueList</url>
			<search_url>http://www.iso.ch/iso/en/CombinedQueryResult.CombinedQueryResult?queryString={$formKeywords}</search_url>
			
		</search>
		<search>
			<search_title>Request For Comments (RFCs)</search_title>
			<search_description>The Requests for Comments (RFC) document series is a set of technical and organizational notes about the Internet (originally the ARPANET), beginning in 1969. Memos in the RFC series discuss many aspects of computer networking, including protocols, procedures, programs, and concepts, as well as meeting notes, opinions, and sometimes humor.</search_description>
			<url>http://www.rfc-editor.org/rfcsearch.html</url>
			<search_url>http://www.rfc-editor.org/cgi-bin/rfcsearch.pl?opt=All+Fields&amp;num=25&amp;filefmt=txt&amp;search_doc=search_all&amp;match_method=prefix&amp;sort_method=newer&amp;abstract=absoff&amp;keywords=keyoff&amp;format=ftp&amp;searchwords={$formKeywords}</search_url>
			
		</search>
		<search>
			<search_title>XML.com</search_title>
			<search_description>An exhaustive site on all things XML (Extensible Markup Language), from schemas and style to the Semantic Web. Largely oriented toward power users, but includes useful FAQs for newcomers. Searchable. From the O'Reilly &amp; Associates publishing house. </search_description>
			<url>http://www.xml.com/</url>
			<search_url>http://search.atomz.com/search/?sp-a=sp1000a5a9&amp;sp-f=ISO-8859-1&amp;sp-t=cat_search&amp;sp-x-1=collection&amp;sp-q-1=xml&amp;sp-q={$formKeywords}</search_url>
			
		</search>
	</context>
	<context>
		<context_title>Online forums</context_title>
		<context_abbrev>Online forums</context_abbrev>
		<context_description>Choose online, open-access online forums that would enrich the context of the research studies on your site.</context_description>

		<search>
			<search_title>All Conferences Directory</search_title>
			<search_description>All Conferences Directory is a searchable database of Computer Science and Technology conferences that organizes conferences by category and offers information regarding paper submission deadlines.</search_description>
			<url>http://all-conferences.com/Computers/</url>
			<search_url>http://www.allconferences.com/Search/search.php3?Search={$formKeywords}</search_url>
			
		</search>
		<search>
			<search_title>DB and LP: Conferences and Workshops</search_title>
			<search_description>DB and LP: Conferences and Workshops contains a list of computer science conferences and Workshops: past, present and future.</search_description>
			<url>http://www.informatik.uni-trier.de/~ley/db/conf/index.a.html</url>
			<search_url>http://www.google.com/search?hl=en&amp;lr=&amp;q=site%3Awww.informatik.uni-trier.de%2F+conf+{$formKeywords}</search_url>
			
		</search>
		<search>
			<search_title>Liszt</search_title>
			<search_description>Liszt, hosted by Topica, is a free service that allows you to find, manage and participate in email lists and discussion groups in computer science.</search_description>
			<url>http://www.liszt.com/dir/?cid=3</url>
			<search_url>http://www.liszt.com/search/?search_type=cat&amp;query={$formKeywords}</search_url>
			
		</search>
		<search>
			<search_title>Netlib Conferences Databases</search_title>
			<search_description>The Netlib Conferences Databases contains information about upcoming conferences, lectures, and other meetings relevant to the fields of mathematics and computer science.</search_description>
			<url>http://www.netlib.org/confdb/confsearch.html</url>
			<search_url>http://netlib2.cs.utk.edu/cgi-bin/csearch/confdisp.pl?ip_address=160.36.58.108&amp;ip_name=netlib-old.cs.utk.edu&amp;tcp_port=8123&amp;database_name=%2Fusr%2Flocal%2Fwais%2Findexes%2Fconfdb&amp;search_term={$formKeywords}</search_url>
			
		</search>
		<search>
			<search_title>TechCalendar</search_title>
			<search_description>TechCalendar is a searchable/browseable event directory, with categories such as: Internet/Online, Communications, Software &amp; Services, Vertical Markets, Computing Platforms, and Computing Industry.</search_description>
			<url>http://www.techweb.com/calendar/</url>
			<search_url>http://www.tsnn.com/partner/results/results_techweb.cfm?city=&amp;select=-1&amp;country=-1&amp;classid=120&amp;Month=-1&amp;subject={$formKeywords}</search_url>
			
		</search>
	</context>
	<context>
		<context_title>Multimedia</context_title>
		<context_abbrev>Multimedia</context_abbrev>
		<context_description>Multimedia resources</context_description>

		<search>
			<search_title>The Open Video Project</search_title>
			<search_description>The Open Video project is a collection of public domain digital video available for research and other purposes.  The purpose of the Open Video Project is to collect and make available a repository of digitized video content for the digital video, multimedia retrieval, digital library, and other research communities.</search_description>
			<url>http://www.open-video.org/index.php</url>
			<search_url>http://www.open-video.org/results.php?search_field=all&amp;terms={$formKeywords}</search_url>
			
		</search>
	</context>
	<context>
		<context_title>Teaching files</context_title>
		<context_abbrev>Instructional</context_abbrev>
		<context_description>Immediately initiates a search based on the subject of the article or paper that connects users to free current and archival articles in the field from leading newspapers around the world.</context_description>

		<search>
			<search_title>National Science Digital Library</search_title>
			<search_description>The National Science Digital Library (NSDL) was created by the National Science Foundation to provide organized access to high quality resources and tools that support innovations in teaching and learning at all levels of science, technology, engineering, and mathematics education.</search_description>
			<url>http://nsdl.org/about</url>
			<search_url>http://nsdl.org/search/?formview=searchresults&amp;verb=Search&amp;s=0&amp;n=10&amp;boost%5B%5D=compoundTitle&amp;boost%5B%5D=compoundDescription&amp;q={$formKeywords}</search_url>
			
		</search>
		<search>
			<search_title>Science, Mathematics, Engineering and Technology Education (SMETE)</search_title>
			<search_description>Science, Mathematics, Engineering and Technology Education (SMETE) contains a searchable working prototype of a National Science, Mathematics, Engineering, and Technology Education Digital Library.</search_description>
			<url>http://www.smete.org/</url>
			<search_url>http://www.smete.org/smete/?path=/public/find/search_results.jhtml&amp;_DARGS=/smete/public/find/index_body.jhtml&amp;/smete/forms/FindLearningObjects.operation=search&amp;_D:/smete/forms/FindLearningObjects.operation=%20&amp;_D:/smete/forms/FindLearningObjects.keyword=%20&amp;/smete/forms/FindLearningObjects.learningResourceType=&amp;_D:/smete/forms/FindLearningObjects.learningResourceType=%20&amp;/smete/forms/FindLearningObjects.grade=0-Any&amp;_D:/smete/forms/FindLearningObjects.grade=%20&amp;/smete/forms/FindLearningObjects.title=&amp;_D:/smete/forms/FindLearningObjects.title=%20&amp;/smete/forms/FindLearningObjects.author=&amp;_D:/smete/forms/FindLearningObjects.author=%20&amp;/smete/forms/FindLearningObjects.hostCollection=&amp;_D:/smete/forms/FindLearningObjects.hostCollection=%20&amp;/smete/forms/FindLearningObjects.afterYear=&amp;_D:/smete/forms/FindLearningObjects.afterYear=%20&amp;/smete/forms/FindLearningObjects.beforeYear=&amp;_D:/smete/forms/FindLearningObjects.beforeYear=%20&amp;&amp;/smete/forms/FindLearningObjects.keyword={$formKeywords}</search_url>
			
		</search>
	</context>
	<context>
		<context_title>Government policy</context_title>
		<context_abbrev>Gov Policy</context_abbrev>
		<context_description>Access to Information and services gateway run by the Government of the United States and Canada.</context_description>

		<search>
			<search_title>Access to Australian Government Information and Services</search_title>
			<search_description>The Australian Government Entry Point offers comprehensive and integrated access to Australian Government information and services.  You will find a concentrated body of Australian Government information through this site. &lt;a href=&quot;http://www.australia.gov.au&quot;&gt;www.australia.gov.au&lt;/a&gt; currently signposts over 700 Australian Government web sites, indexes more than 5,000,000 pages and uses both metadata and full text indexing to ensure it is a comprehensive government portal.</search_description>
			<url>http://www.fed.gov.au</url>
			<search_url>http://govsearch.australia.gov.au/search/search.cgi?collection=gov&amp;form=au&amp;query=&amp;query_phrase=&amp;query_or=&amp;query_not=&amp;meta_f_sand=&amp;scope=&amp;fscope=512&amp;num_ranks=20&amp;chksummary=chksummary&amp;query_and={$formKeywords}</search_url>
			
		</search>
		<search>
			<search_title>The Government of Canada</search_title>
			<search_description>You can search across all government departments federal departments and agencies as well as provincial, territorial and municipal governments. There is a Departments and Agencies link, and the A to Z Index offers a keyword search to programmes and services. 

A recent development on Departmental sites is the inclusion of a &quot;Proactive Disclosure&quot; page, which outlines travel and hospitality expenses, disclosure of contracts, grants and awards. 

The About Canada page includes links to Departments and Agencies, Structure of the Canadian Government, Commissions of Inquiry and more. 

In addition to Department web sites, the government has been creating Portals which bring together information from across federal and provincial sources, and non-governmental organizations as well.</search_description>
			<url>http://www.canada.gc.ca/main_e.html</url>
			<search_url>http://search-recherche.gc.ca/cgi-bin/query?mss=canada%2Fen%2Fsimple&amp;pg=q&amp;enc=iso88591&amp;site=main&amp;bridge=&amp;stt=&amp;lowercaseq=&amp;what=web&amp;user=searchintranet&amp;browser=N6E&amp;kl=XX&amp;op=a&amp;q={$formKeywords}</search_url>
			
		</search>
		<search>
			<search_title>Directgov</search_title>
			<search_description>Directgov is a government service giving people access to the latest and widest range of public service information in one place on the Web and on Digital TV. Directgov uses the specifications formulated and consulted on through UK GovTalk.</search_description>
			<url>http://www.direct.gov.uk</url>
			<search_url>http://www.direct.gov.uk/AdvancedSearch/SearchResults/fs/en?NP=1&amp;PO1=C&amp;PI1=W&amp;PF1=A&amp;PG=1&amp;RP=20&amp;SC=__dgov_site&amp;Z=1&amp;PT1={$formKeywords}</search_url>
			
		</search>
		<search>
			<search_title>Info4local.gov.uk</search_title>
			<search_description>Information for local government from central government.  This site gives local authorities a quick and easy way to find relevant information on the web sites of central government departments, agencies and public bodies. It includes extensive information on implementing electronic government.</search_description>
			<url>http://www.info4local.gov.uk</url>
			<search_url>http://www.info4local.gov.uk/?view=Search+results&amp;subjects=all&amp;departmentsIds=0&amp;informationTypesIds=all&amp;query={$formKeywords}</search_url>
			
		</search>
		<search>
			<search_title>The New Zealand government portal</search_title>
			<search_description>The New Zealand government portal is a website providing search capability for, and links into the online and offline information and services of most government agencies.  This site is managed and maintained by the State Services Commission, a New Zealand government department.</search_description>
			<url>http://www.govt.nz</url>
			<search_url>http://www.govt.nz/search?type=spider&amp;t=spider&amp;q={$formKeywords}</search_url>
			
		</search>
		<search>
			<search_title>Europa</search_title>
			<search_description>Current information on the member countries of the European Union, including statistical data, policies, news, official documents, legal texts, and other publications.</search_description>
			<url>http://europa.eu.int/index_en.htm</url>
			<search_url>http://europa.eu.int/geninfo/query/resultaction.jsp?page=1</search_url>
			<search_post>Collection=EuropaFull&amp;ResultTemplate=/result_en.jsp&amp;ResultCount=25&amp;qtype=simple&amp;ResultMaxDocs=200&amp;DefaultLG=en&amp;QueryText={$formKeywords}</search_post>			
		</search>
		<search>
			<search_title>The Global Legal Information Network (GLIN)</search_title>
			<search_description>The Global Legal Information Network (GLIN) is a database of laws, regulations, judicial decisions, and other complementary legal sources contributed by governmental agencies and international organizations. These GLIN members contribute the official full texts of published documents to the database in their original language. Each document is accompanied by a summary in English and subject terms selected from the multilingual index to GLIN.</search_description>
			<url>http://www.glin.gov</url>
			<search_url>http://www.glin.gov/search.do?refineQuery=&amp;offset=0&amp;refineQueryType=&amp;fromSearch=true&amp;queryType=ALL&amp;searchBtn=Search&amp;includeAllFields=on&amp;searchAll=on&amp;sumLanguage=any&amp;pubLanguage=any&amp;pubJurisdiction=any&amp;publicationJurisdictionExclude=false&amp;searchPublicationDate=true&amp;dateFromDay=01&amp;dateFromMonth=01&amp;dateFromYear=&amp;dateToDay=01&amp;dateToMonth=01&amp;dateToYear=&amp;subjTerm=&amp;subjTermConjunction%5B0%5D=AND&amp;subjTerm=&amp;subjTermConjunction%5B1%5D=AND&amp;subjTerm=&amp;subjTermConjunction%5B2%5D=AND&amp;subjTerm=&amp;subjTermConjunction%5B3%5D=AND&amp;subjTerm=&amp;searchOrder=default&amp;hitsPerPage=10&amp;showSummary=on&amp;queryString={$formKeywords}</search_url>
			
		</search>
		<search>
			<search_title>FirstGov</search_title>
			<search_description>FirstGov (U.S. federal and state) is a public-private partnership, led by a cross-agency board.</search_description>
			<url>http://www.firstgov.gov/</url>
			<search_url>http://www.firstgov.gov/fgsearch/index.jsp?db=www&amp;st=AS&amp;ms0=should&amp;mt0=all&amp;rn=2&amp;parsed=true&amp;x=2&amp;y=8&amp;mw0={$formKeywords}</search_url>
			
		</search>
		<search>
			<search_title>Canada Sites</search_title>
			<search_description>Canada Sites provides an information and services gateway run by the Government of Canada and each of the provinces.</search_description>
			<url>http://www.canada.gc.ca/main_e.html</url>
			<search_url>http://search-recherche.gc.ca/cgi-bin/query?mss=canada%2Fen%2Fsimple.html&amp;enc=iso88591&amp;pg=q&amp;kl=en&amp;site=main&amp;q={$formKeywords}</search_url>
			
		</search>
	</context>
	<context>
		<context_title>Media reports</context_title>
		<context_abbrev>Media reports</context_abbrev>
		<context_description>Immediately initiates a search based on the subject of the article or paper that connects users to free current and archival articles in the field from leading newspapers around the world.</context_description>

		<search>
			<search_title>Google News</search_title>
			<search_description>Search news reports using the popular search engine Google's news feature.</search_description>
			<url>http://news.google.com/</url>
			<search_url>http://news.google.com/news?hl=en&amp;q={$formKeywords}</search_url>
			
		</search>
		<search>
			<search_title>Daily Science News from NewScientist</search_title>
			<search_description>Daily Science News from NewScientist provides science news updated throughout the day.</search_description>
			<url>http://www.newscientist.com/news/</url>
			<search_url>http://www.newscientist.com/search.ns?doSearch=true&amp;query={$formKeywords}</search_url>
			
		</search>
		<search>
			<search_title>Nature Science Update</search_title>
			<search_description>Nature Science Update provides daily news stories written by the editors of the Nature Journal.</search_description>
			<url>http://www.nature.com/nsu/</url>
			<search_url>http://search.nature.com/search/?sp-x-9=cat&amp;sp-q-9=NEWS&amp;submit=go&amp;sp-a=sp1001702d&amp;sp-sfvl-field=subject%7Cujournal&amp;sp-t=results&amp;sp-x-1=ujournal&amp;sp-p-1=phrase&amp;sp-p=all&amp;sp-q={$formKeywords}</search_url>
			
		</search>
		<search>
			<search_title>Science News Online</search_title>
			<search_description>Science News Online is one of the most useful science news magazines available online. The 75 year old weekly is putting a generous number of full-text articles on the Web each week, adding to a collection of articles archived from 1994 to the present.</search_description>
			<url>http://www.sciencenews.org/search.asp</url>
			<search_url>http://www.sciencenews.org/pages/search_results.asp?search={$formKeywords}</search_url>
			
		</search>
		<search>
			<search_title>Scientific American Archive</search_title>
			<search_description>Scientific American Archive is the online science and technology resource offering access to every page and every issue of Scientific American magazine from 1993 to the present.</search_description>
			<url>http://www.sciamdigital.com/</url>
			<search_url>http://www.sciamdigital.com/index.cfm?fa=Search.ViewSearchForItemResultList&amp;AUTHOR_CHAR=&amp;TITLE_CHAR=&amp;FullText_CHAR={$formKeywords}</search_url>
			
		</search>
		<search>
			<search_title>Newsdirectory</search_title>
			<search_description>Newsdirectory is a comprehensive and searchable guide to the world's English-language online media. Currently over 8,000 newspapers and magazines are listed, as well as more than 1,000 U.S. television broadcasters.</search_description>
			<url>http://www.newsdirectory.com/</url>
			<search_url>http://www.newsdirectory.com/hbSearch.php</search_url>
			<search_post>s={$formKeywords}&amp; submit=Go</search_post>
			
		</search>
	</context>
	<context>
		<context_title>Web search</context_title>
		<context_abbrev>Web search</context_abbrev>
		<context_description>Enter a search term for Internet resources through various search engines.</context_description>

		<search>
			<search_title>Google</search_title>
			<search_description>Search using the popular Google search engine.</search_description>
			<url>http://www.google.com/</url>
			<search_url>http://www.google.com/search?q={$formKeywords}</search_url>
			
		</search>
		<search>
			<search_title>Google Scholar</search_title>
			<search_description>Google Scholar enables specific searches of scholarly literature, including peer-reviewed papers, theses, books, pre-prints, abstracts, and technical reports. Content includes a range of publishers and aggregators with whom Google already has standing arrangements, e.g., the Association for Computing Machinery, IEEE, OCLC's Open WorldCat library locator service, etc. Result displays will show different version clusters, citation analysis, and library location (currently books only).</search_description>
			<url>http://scholar.google.com</url>
			<search_url>http://scholar.google.com/scholar?ie=UTF-8&amp;oe=UTF-8&amp;hl=en&amp;q={$formKeywords}</search_url>
			
		</search>
		<search>
			<search_title>Clusty the Clustering Engine</search_title>
			<search_description>This search tool from Vivismo offers clustered results for a selection of searches.  Metasearch the whole web, or use tabs to search for news, gossip, images, orproducts via Bizrate or eBay.</search_description>
			<url>http://clusty.com/about</url>
			<search_url>http://clusty.com/search?query={$formKeywords}</search_url>
			
		</search>
		<search>
			<search_title>Vivisimo</search_title>
			<search_description>The award-winning Vivisimo clustering technology, developed by Carnegie Mellon research scientists, is unlocking the value of stored information at Fortune 500 companies, top websites, prestigious publishers and government agencies by categorizing research results on the fly into meaningful orders, thus achieving breakthrough improvement in access to relevant information.</search_description>
			<url>http://vivisimo.com</url>
			<search_url>http://vivisimo.com/search?tb=homepage&amp;v%3Asources=Web&amp;query={$formKeywords}</search_url>
			
		</search>
	</context>
</version>
