<?xml version="1.0" encoding="UTF-8"?>
<!DOCTYPE version SYSTEM "../../lib/pkp/dtd/rtVersion.dtd">

<!--
  * Education.xml
  *
  * Copyright (c) 2005-2012 Alec Smecher and John Willinsky
  * Distributed under the GNU GPL v2. For full terms see the file docs/COPYING.
  *
  * Reading Tools version: Education (en_US)
  *
  * $Id$
  -->

<version id="Education" locale="en_US">
	<version_title>Education</version_title>
	<version_description>The Reading Tools can help readers of this study consult a wide range of related resources that can provide a context for interpreting, situating and evaluating the study.</version_description>

	<context>
		<context_title>Author's work</context_title>
		<context_abbrev>Other Works</context_abbrev>
		<context_description>Identify other works by the article's author(s) by using OAI engines.</context_description>
		<author_terms />
		<search>
			<search_title>Google Scholar</search_title>
			<search_description>Google Scholar enables specific searches of scholarly literature, including peer-reviewed papers, theses, books, pre-prints, abstracts, and technical reports. Content includes a range of publishers and aggregators with whom Google already has standing arrangements, e.g., the Association for Computing Machinery, IEEE, OCLC's Open WorldCat library locator service, etc. Result displays will show different version clusters, citation analysis, and library location (currently books only).</search_description>
			<url>http://scholar.google.com</url>
			<search_url>http://scholar.google.com/scholar?ie=UTF-8&amp;oe=UTF-8&amp;hl=eng&amp;as_sauthors={$formKeywords}</search_url>
			
		</search>
		<search>
			<search_title>OAIster (Open Archives Initiative research databases)</search_title>
			<search_description>OAIster is a project of the University of Michigan Digital Library Production Services, and provides searching a wide variety of collections from a wide variety of institutions. These institutions have made the records of their digital resources available to access, and the project team has gathered and aggregated them into the OAIster service.</search_description>
			<url>http://www.oaister.org/</url>
			<search_url>http://quod.lib.umich.edu/cgi/b/bib/bib-idx?type=boolean&amp;size=10&amp;rgn1=entire+record&amp;rgn2=entire+record&amp;rgn3=entire+record&amp;c=oaister&amp;sid=f4f5644c4d1d4282010da7f16b531fb9&amp;searchfield=Entire+Record&amp;op2=And&amp;searchfield=Entire+Record&amp;q2=&amp;op3=And&amp;searchfield=Entire+Record&amp;q3=&amp;op6=And&amp;rgn6=norm&amp;restype=all+types&amp;sort=title&amp;submit2=search&amp;q1={$formKeywords}</search_url>
			
		</search>
		<search>
			<search_title>SearchERIC</search_title>
			<search_description>Tools to search the abstracts and Digests produced by the ERICSM system.</search_description>
			<url>http://www.eric.ed.gov/</url>
			<search_url>http://www.google.com/custom?domains=www.eric.ed.gov&amp;sa=Google+Search&amp;sitesearch=www.eric.ed.gov&amp;q={$formKeywords}</search_url>
			
		</search>
		<search>
			<search_title>ERIC - Education Resources Information Center</search_title>
			<search_description>ERIC - the Education Resources Information Center - is an internet-based digital library of education research and information sponsored by the Institute of Education Sciences (IES) of the U.S. Department of Education. 

ERIC provides access to bibliographic records of journal and non-journal literature indexed from 1966 to the present. 

The ERIC collection includes bibliographic records (citations, abstracts, and other pertinent data) for more than 1.2 million items indexed since 1966, including journal articles, books,  research syntheses, conference papers, technical reports, 
policy papers, and other education-related materials.

ERIC currently indexes more than 600 journals, the majority of which are indexed comprehensively — every article in each issue is included in ERIC. Some journals are indexed selectively — only those articles that are education-related are selected for indexing. 

In addition, contributors have given ERIC permission to display more than 115,000 full-text materials in PDF format - at no charge. These materials are generally part of the recent &quot;grey literature&quot; such as conference papers and reports, rather than journal articles and books. Most materials published 2004 and forward include links to other sources, including publishers' Web sites.</search_description>
			<url>http://eric.ed.gov/</url>
			<search_url>http://eric.ed.gov/ERICWebPortal/Home.portal?_nfpb=true&amp;ERICExtSearch_Operator_2=and&amp;ERICExtSearch_SearchType_0=au&amp;ERICExtSearch_SearchValue_2=&amp;ERICExtSearch_SearchValue_1=&amp;ERICExtSearch_Operator_1=and&amp;ERICExtSearch_SearchType_1=kw&amp;ERICExtSearch_PubDate_To=2006&amp;ERICExtSearch_SearchType_2=kw&amp;ERICExtSearch_SearchCount=2&amp;ERICExtSearch_PubDate_From=0&amp;_pageLabel=ERICSearchResult&amp;newSearch=true&amp;rnd=1137305171346&amp;searchtype=advanced&amp;ERICExtSearch_SearchValue_0={$formKeywords}</search_url>
			
		</search>
		<search>
			<search_title>Public Knowledge Project Open Archives Harvester</search_title>
			<search_description>The PKP Open Archives Harvester is a free metadata indexing system developed by the Public Knowledge Project through its federally funded efforts to expand and improve access to research. The PKP OAI Harvester allows you to create a searchable index of the metadata from Open Archives Initiative-compliant archives, such as sites using Open Journal Systems or Open Conference Systems.</search_description>
			<url>http://pkp.sfu.ca/harvester/</url>
			<search_url>http://pkp.sfu.ca/harvester/search.php?limit=author&amp;query={$formKeywords}</search_url>
			
		</search>
		<search>
			<search_title>Education-Line: Electronic Texts in Education and Training</search_title>
			<search_description>Education-Line: Electronic Texts in Education and Training (UK) is a searchable &quot;electronic archive of 'gray' (report, conference, working paper) and 'pre-print' literature in the field of education and training.&quot; Provided by the British Education Index (BEI), this database provides access to over 1,000 papers presented at British research conferences and elsewhere. Provides links to searchable paper files from conferences sponsored by the British Educational Research Association, the European Conference on Educational Research, and others.</search_description>
			<url>http://www.leeds.ac.uk/educol/</url>
			<search_url>http://brs.leeds.ac.uk/cgi-bin/brs_engine?*ID=1&amp;*DB=BEID&amp;*PT=50&amp;*FT=BEID&amp;*HI=Y&amp;TITL=&amp;SUBJ=&amp;*SO=TITL&amp;SUBMIT_BUTTON=search%20button&amp;*QQ=&amp;AUTH={$formKeywords}</search_url>
			
		</search>
	</context>
	<context>
		<context_title>Look up terms</context_title>
		<context_abbrev>Look up terms</context_abbrev>
		<context_description>Double click on any word in the text and it will appear in the &quot;Definition of terms&quot; box. You can also type or paste a word into the box. Then use the search function to find a definition for the word. These resources have been selected because of their relevance and their open (free) access to all or part of their contents.</context_description>
		<define_terms />
		<search>
			<search_title>Google</search_title>
			<search_description>Search for definitions using the popular Google search engine.</search_description>
			<url>http://www.google.com/</url>
			<search_url>http://www.google.com/search?hl=en&amp;q=define%3A{$formKeywords}</search_url>
			
		</search>
		<search>
			<search_title>Merriam-Webster Online</search_title>
			<search_description>A dictionary based on the Webster 10th Collegiate edition, 1993, with updates added annually. More than 160,000 entries. Each word is accompanied by definition, pronunciation, usage, grammatical function, and a brief etymology. Includes a thesaurus. Misspellings return suggested spellings. The dictionary's search system supports internal wildcards and right hand truncation searching. Includes an extensive pronunciation guide and sound files for the pronunciation of many terms.</search_description>
			<url>http://www.merriam-webster.com/</url>
			<search_url>http://www.merriam-webster.com/cgi-bin/dictionary?book=Dictionary&amp;va={$formKeywords}</search_url>
			
		</search>
		<search>
			<search_title>OneLook Dictionaries</search_title>
			<search_description>OneLook is a meta-dictionary. Enter an English language word or acronym, and OneLook will search its index of 5,292,362 words in 934 dictionaries indexed in general and special interest dictionaries for the definition.</search_description>
			<url>http://www.onelook.com/index.html</url>
			<search_url>http://www.onelook.com/?ls=a&amp;w={$formKeywords}</search_url>
			
		</search>
		<search>
			<search_title>Wikipedia: The Free Encyclopedia</search_title>
			<search_description>&quot;Wikipedia is a free content encyclopedia that is being written collaboratively by contributors from all around the world. The site is a WikiWiki, meaning that anyone ... can edit any article. ...&quot; Without editorial oversight, the quality of the content on this site varies dramatically, but it is worth exploring. The English version has hundreds of thousands of entries. Spanish, French, and Esperanto are among the several other languages offered.</search_description>
			<url>http://en.wikipedia.org/wiki/Main_Page</url>
			<search_url>http://en.wikipedia.org/wiki/Special:Search?go=Go&amp;fulltext=Search&amp;search={$formKeywords}</search_url>
			
		</search>
		<search>
			<search_title>Infoplease.com</search_title>
			<search_description>This site includes contents of the Information Please Almanacs, a biography database, a dictionary, an atlas, and articles from the Columbia Encyclopedia. You can search these ready reference works together or separately or browse the Almanacs. There are feature stories each week covering topics in the news, with links to pertinent Almanac content and other Web resources.</search_description>
			<url>http://www.infoplease.com</url>
			<search_url>http://www.infoplease.com/search?fr=iptn&amp;in=all&amp;x=0&amp;y=0&amp;query={$formKeywords}</search_url>
			
		</search>
	</context>
	<context>
		<context_title>Book searches</context_title>
		<context_abbrev>Book searches</context_abbrev>
		<context_description>Book-related Resources</context_description>

		<search>
			<search_title>Google Print</search_title>
			<search_description>Google is working with libraries at the University of Michigan, Harvard University, Stanford University, Oxford University and the New York Public Library to digitize books in their collections and make them accessible via Google Print, a massive scanning project that will bring millions of volumes of printed books into the Google Print database.  Click a book title and you'll see the page of the book that has your search terms, your can search for more information within that specific book, find reviews, find related information, learn about the publisher, buy this book, and find nearby libraries that have it.</search_description>
			<url>http://print.google.com</url>
			<search_url>http://print.google.com/print?q={$formKeywords}</search_url>
			
		</search>
		<search>
			<search_title>Online books Page</search_title>
			<search_description>Online books Page, edited by John Mark Ockerbloom, at the University of Pennsylvania.  This is an excellent starting point in the search for full-text books on the Internet. Over 20,000 English works in various formats available online at different sites. Entries may be searched by author or title. An interesting feature allows browsing by Library of Congress call number categories. New listings are added regularly and are listed on a separate web page at &lt;a href=&quot;http://onlinebooks.library.upenn.edu/new.html&quot;&gt;http://onlinebooks.library.upenn.edu/new.html&lt;/a&gt;.</search_description>
			<url>http://digital.library.upenn.edu/books/</url>
			<search_url>http://onlinebooks.library.upenn.edu/webbin/book/search?tmode=words&amp;title={$formKeywords}</search_url>
			
		</search>
		<search>
			<search_title>Books-On-Line</search_title>
			<search_description>A collection of over 32935 titles, although some are only excerpts. Browse by subject or search by author or title. Not all items are free.</search_description>
			<url>http://www.books-on-line.com/</url>
			<search_url>http://67.118.51.201/bol/KeyWordSearch.cfm</search_url>
			<search_post>RowCount=50&amp;Searchquery={$formKeywords}</search_post>			
		</search>
		<search>
			<search_title>Universal Library</search_title>
			<search_description>The Universal Library is considerably more involved, and more ambitious -- it has amassed a collection of 100,000 e-books (some of them from Project Gutenberg), and is aiming for 1 million e-books by the end of 2006.</search_description>
			<url>http://tera-3.ul.cs.cmu.edu/</url>
			<search_url>http://tera-3.ul.cs.cmu.edu/cgi-bin/DBscripts/advsearch_db.cgi?perPage=25&amp;listStart=0&amp;author1=&amp;subject1=Any&amp;year1=&amp;year2=&amp;language1=Any&amp;scentre=Any&amp;search=Search&amp;title1={$formKeywords}</search_url>
			
		</search>
	</context>
	<context>
		<context_title>e-Journals</context_title>
		<context_abbrev>e-Journals</context_abbrev>
		<context_description>Provide pop-up window for entering open-access and full-text e-Journals relevant to your field.</context_description>

		<search>
			<search_title>Advancing Women in Leadership Journal [USA]</search_title>
			<search_description>Advancing Women in Leadership represents the first on-line professional, refereed journal for women in leadership. The journal publishes manuscripts that report, synthesize, review, or analyze scholarly inquiry that focuses on women's issues.</search_description>
			<url>http://www.advancingwomen.com/awl/awl.html</url>
			<search_url>http://www.google.com/search?&amp;q=site%3Awww.advancingwomen.com+{$formKeywords}</search_url>
			
		</search>
		<search>
			<search_title>Educause Review [USA]</search_title>
			<search_description>EDUCAUSE Review is the general-interest, bimonthly magazine published by EDUCAUSE. The magazine takes a broad look at current developments and trends in information technology, what these mean for higher education, and how they may affect the college/university as a whole.</search_description>
			<url>http://www.educause.edu/apps/er/index.asp</url>
			<search_url>http://www.educause.edu/SearchResults/706?app=krc&amp;output=xml_no_dtd&amp;restrict=WWW_EDUCAUSE_EDU&amp;client=my_collection&amp;site=my_collection&amp;getfields=*&amp;filter=0&amp;opid=644&amp;app_section=&amp;submit=Search&amp;top_tax_id=&amp;PRIMARYPUBS=&amp;Control=&amp;CARNEGIE=&amp;FTE=&amp;q={$formKeywords}</search_url>
			
		</search>
		<search>
			<search_title>Teachers College Record [USA]</search_title>
			<search_description>A peer-reviewed journal offering full-text articles from 1980-present. Thematic content collections, discussion groups, online learning modules, and book reviews.</search_description>
			<url>http://www.tcrecord.org/About.asp</url>
			<search_url>http://www.tcrecord.org/search.asp?x=34&amp;y=18&amp;kw={$formKeywords}</search_url>
			
		</search>
		<search>
			<search_title>The Australian Electronic Journal of Nursing Education [Australia]</search_title>
			<search_description>The AEJNE is committed to enhancing the teaching learning experience across a variety of nurse contexts. The journal will be a means by which nurses can share findings, insights, experience and advice to colleagues involved in all aspects of the educational process.</search_description>
			<url>http://www.scu.edu.au/schools/nhcp/aejne/</url>
			<search_url>http://www.scu.edu.au/cgi/htsearch/?submit=Search&amp;method=boolean&amp;format=builtin-short&amp;words={$formKeywords}</search_url>
			
		</search>
		<search>
			<search_title>Bilingual Research Journal [USA]</search_title>
			<search_description>A peer-reviewed scholarly journal publishing research on bilingual education.</search_description>
			<url>http://brj.asu.edu/</url>
			<search_url>http://brj.asu.edu.master.com/texis/master/search/?s=SS&amp;notq=&amp;prox=&amp;sufs=0&amp;rorder=&amp;rprox=&amp;rdfreq=&amp;rwfreq=&amp;rlead=&amp;q={$formKeywords}</search_url>
			
		</search>
		<search>
			<search_title>Current Issues in Education [USA]</search_title>
			<search_description>Current Issues in Comparative Education (CICE) is an online journal based at Teachers College, Columbia University, that publishes scholarly work from a variety of academic disciplines. CICE seeks clear and significant contributions that further debate on educational policies and comparative studies.</search_description>
			<url>http://cie.ed.asu.edu/</url>
			<search_url>http://www.google.com/search?q=site%3Acie.asu.edu+{$formKeywords}</search_url>
			
		</search>
		<search>
			<search_title>Education-line [UK]</search_title>
			<search_description>Education-line is a freely accessible database of the full text of conference papers, working papers and electronic literature which supports educational research, policy and practice.</search_description>
			<url>http://www.leeds.ac.uk/educol/</url>
			<search_url>http://brs.leeds.ac.uk/cgi-bin/brs_engine?*ID=1&amp;*DB=BEID&amp;*PT=50&amp;*FT=BEID&amp;*HI=Y&amp;TITL=&amp;AUTH=&amp;SUBJ=&amp;*SO=TITL&amp;SUBMIT_BUTTON=search%20button&amp;*QQ={$formKeywords}</search_url>
			
		</search>
		<search>
			<search_title>Education Policy Analysis Archives [USA &amp; Mexico]</search_title>
			<search_description>A peer-reviewed scholarly electronic journal publishing education policy analysis since 1993.</search_description>
			<url>http://epaa.asu.edu/</url>
			<search_url>http://epaa.asu.edu/cgi-bin/htsearch?method=boolean&amp;format=builtin-long&amp;sort=score&amp;config=epaa.asu.edu&amp;restrict=&amp;exclude=&amp;words={$formKeywords}</search_url>
			
		</search>
		<search>
			<search_title>Educational Insights: Electronic Journal of Graduate Student Research [Canada]</search_title>
			<search_description>Educational Insights is an innovative evocative provocative intertextual space for engaging in new dialogues of enRapturing con/texts and reimagined spaces of pedagogy, inquiry, and interdisciplinarity. Our intent is to encourage a community that honours difference and polyphony, while sharing a vision of pedagogy, education, inquiry as spaces of challenge and hopeful conversations.</search_description>
			<url>http://ccfi.educ.ubc.ca/publication/insights/v09n02/us/index.html</url>
			<search_url>http://sitelevel.whatuseek.com/query.go?B1=Search&amp;crid=140f069465cde402&amp;query={$formKeywords}</search_url>
			
		</search>
		<search>
			<search_title>Educational Technology and Society [USA]</search_title>
			<search_description>Educational Technology &amp; Society seeks academic articles on the issues affecting the developers of educational systems and educators who implement and manage such systems.</search_description>
			<url>http://www.ifets.info/index.php?http://www.ifets.info/aim.php</url>
			<search_url>http://odysseus.ieee.org/query.html?col=wg&amp;qp=url%3Aifets.ieee.org%2Fperiodical&amp;qs=&amp;qc=wg&amp;ws=0&amp;qm=0&amp;st=1&amp;nh=25&amp;lk=1&amp;rf=0&amp;oq=&amp;rq=0&amp;qt={$formKeywords}</search_url>
			
		</search>
		<search>
			<search_title>First Monday [USA]</search_title>
			<search_description>First Monday is one of the first peer-reviewed journals on the Internet, offering critical analysis of the Internet.</search_description>
			<url>http://www.firstmonday.org/idea.html</url>
			<search_url>http://www.firstmonday.org/fm.search?numdocs=20&amp;query={$formKeywords}</search_url>
			
		</search>
		<search>
			<search_title>Global Journal of Engineering Education [Australia]</search_title>
			<search_description>Global Journal of Engineering Education (GJEE), providing the international engineering education community with a forum for discussion and the exchange of information on engineering education and industrial training at tertiary level.</search_description>
			<url>http://www.eng.monash.edu.au/uicee/gjee/globalj.htm</url>
			<search_url>http://ultraseek.its.monash.edu.au/query.html?rq=0&amp;col=m0&amp;qp=&amp;qs=+AND+url%3Ahttp%3A%2F%2Fwww.eng.monash.edu.au%2Fuicee%2Fgjee&amp;qc=&amp;pw=100%25&amp;ws=1&amp;la=&amp;qm=0&amp;st=1&amp;nh=25&amp;lk=1&amp;rf=0&amp;oq=&amp;rq=0&amp;qt={$formKeywords}</search_url>
			
		</search>
		<search>
			<search_title>Journal of American Indian Education [USA]</search_title>
			<search_description>The Journal of American Indian Education is a peer reviewed scholarly journal, which publishes papers specifically related to the education of American Indians and Alaska Natives. While the focus of the Journal is on basic applied research, manuscripts that are expository in nature and present an explicative or interpretive perspective are considered for publication as well. JAIE is particularly interested in publishing manuscripts that express the viewpoint of AI/AN and research that is initiated, conducted, and interpreted by natives.</search_description>
			<url>http://jaie.asu.edu/</url>
			<search_url>http://www.google.com/u/arizonastate?sa=Search&amp;domains=jaie.asu.edu&amp;sitesearch=jaie.asu.edu&amp;hq=inurl%3Ajaie.asu.edu&amp;q={$formKeywords}</search_url>
			
		</search>
		<search>
			<search_title>Journal of Vocational and Technical Education [USA]</search_title>
			<search_description>The Journal of Vocational and Technical Education (JVTE) is a non-profit, refereed national publication of Omicron Tau Theta, the national, graduate honorary society of vocational and technical education.</search_description>
			<url>http://scholar.lib.vt.edu/ejournals/JVTE/</url>
			<search_url>http://scholar.lib.vt.edu:8765/query.html?rq=0&amp;qp=url%3Ahttp%3A%2F%2Fscholar.lib.vt.edu%2Fejournals%2F&amp;col=ejournal&amp;qp=&amp;qs=&amp;qc=&amp;pw=100%25&amp;ws=0&amp;la=&amp;qm=0&amp;st=1&amp;nh=10&amp;lk=1&amp;rf=0&amp;oq=&amp;rq=0&amp;qt={$formKeywords}</search_url>
			
		</search>
		<search>
			<search_title>Kairos: A Journal for Teachers of Writing in Webbed Environments [USA]</search_title>
			<search_description>Kairos is a refereed online journal exploring the intersections of rhetoric, technology, and pedagogy.</search_description>
			<url>http://english.ttu.edu/kairos/</url>
			<search_url>http://www.google.com/u/Kairos?hq=inurl%3Aenglish.ttu.edu%2Fkairos&amp;btnG=Search+Kairos&amp;q={$formKeywords}</search_url>
			
		</search>
		<search>
			<search_title>Language, Learning, and Technology [USA]</search_title>
			<search_description>Online journal devoted to technology and language education research for foreign and second language.</search_description>
			<url>http://llt.msu.edu/</url>
			<search_url>http://www.google.com/u/llt?q={$formKeywords}</search_url>
			
		</search>
		<search>
			<search_title>Medical Education Online: An Electronic Journal [USA]</search_title>
			<search_description>Medical Education Online (MEO) is a forum for disseminating information on educating physicians and other health professionals. Manuscripts on any aspect of the process of training health professionals will be considered for peer-reviewed publication in an electronic journal format. In addition MEO provides a repository for resources such as curricula, data sets, syllabi, software, and instructional material developers wish to make available to the health education community.</search_description>
			<url>http://www.med-ed-online.org/</url>
			<search_url>http://www.google.com/search?&amp;q=site%3Awww.med-ed-online.org+{$formKeywords}</search_url>
			
		</search>
		<search>
			<search_title>National CROSSTALK, The National Center for Public Policy and Higher Education [USA]</search_title>
			<search_description>The Center publishes the National CROSSTALK to provide action-oriented analyses of state and federal policies affecting education beyond high school.</search_description>
			<url>http://www.highereducation.org/crosstalk/index.html</url>
			<search_url>http://www.google.com/search?&amp;q=site%3Awww.highereducation.org%2Fcrosstalk%2F+{$formKeywords}</search_url>
			
		</search>
		<search>
			<search_title>Philosophy of Education: Yearbook of the Philosophy of Education Society [USA]</search_title>
			<search_description>Annual collections of some of the best work in the field of Educational Philosophy.</search_description>
			<url>http://www.ed.uiuc.edu/EPS/PES-Yearbook/</url>
			<search_url>http://www.googlesyndicatedsearch.com/u/pesyearbook?h1=en&amp;hq=inurl%3Awww.ed.uiuc.edu%2Feps%2Fpes-yearbook&amp;btnG=go&amp;q={$formKeywords}</search_url>
			
		</search>
		<search>
			<search_title>Practical Assessment, Research and Evaluation [USA]</search_title>
			<search_description>Practical Assessment, Research and Evaluation (PARE) is an on-line journal published by the edresearch.org and the Department of Measurement, Statistics, and Evaluation at the University of Maryland, College Park. Its purpose is to provide education professionals access to refereed articles that can have a positive impact on assessment, research, evaluation, and teaching practice, especially at the local education agency (LEA) level.</search_description>
			<url>http://pareonline.net/</url>
			<search_url>http://www.google.com/custom?domains=pareonline.net%2Fgetvn.asp&amp;sa=Google+Search&amp;sitesearch=pareonline.net%2Fgetvn.asp&amp;client=pub-8146434030680546&amp;forid=1&amp;channel=9117733086&amp;ie=ISO-8859-1&amp;oe=ISO-8859-1&amp;flav=0000&amp;sig=cmg6qt6VP1GSt2jo&amp;cof=GALT%3A%23008000%3BGL%3A1%3BDIV%3A%23336699%3BVLC%3A663399%3BAH%3Acenter%3BBGC%3AFFFFDD%3BLBGC%3AFFFFDD%3BALC%3A0000FF%3BLC%3A0000FF%3BT%3A000000%3BGFNT%3A0000FF%3BGIMP%3A0000FF%3BLH%3A50%3BLW%3A341%3BL%3Ahttp%3A%2F%2Fpareonline.net%2Fprac3.gif%3BS%3Ahttp%3A%2F%2F%3BFORID%3A1%3B&amp;hl=en&amp;q={$formKeywords}</search_url>
			
		</search>
		<search>
			<search_title>The Qualitative Report [USA]</search_title>
			<search_description>The Qualitative Report (ISSN 1052-0147) is a peer-reviewed, on-line journal devoted to writing and discussion of and about qualitative, critical, action, and collaborative inquiry and research.</search_description>
			<url>http://www.nova.edu/ssss/QR/index.html</url>
			<search_url>http://www.nova.edu/bin/QR.pl?Search+Criteria={$formKeywords}</search_url>
			
		</search>
		<search>
			<search_title>Reading Online: An Electronic Journal of the International Reading Association [USA]</search_title>
			<search_description>A journal for literacy educators K-12; includes articles, commentaries, reviews, and discussion forums.</search_description>
			<url>http://www.readingonline.org/</url>
			<search_url>http://www.readingonline.org/search/search.asp?QueryForm=&amp;sc=articles&amp;sm=all&amp;qu={$formKeywords}</search_url>
			
		</search>
		<search>
			<search_title>Teaching English as a Second Language [USA]</search_title>
			<search_description>TESL-EJ, Teaching English as a Second Language Electronic Journal, is a fully-refereed academic journal for the English as a Second Language, English as a Foreign Language.</search_description>
			<url>http://www-writing.berkeley.edu/TESL-EJ/</url>
			<search_url>http://www.google.com/u/berkeleywriting?sa=Google+Search&amp;domains=www-writing.berkeley.edu%2FTESL-EJ%2F&amp;sitesearch=www-writing.berkeley.edu&amp;q={$formKeywords}</search_url>
			
		</search>
	</context>
	<context>
		<context_title>Related theory</context_title>
		<context_abbrev>Related theory</context_abbrev>
		<context_description>Access to published scholarly articles and studies in the foundations of education, and in related disciplines outside the field of education, which contribute to the advancement of educational theory.</context_description>

		<search>
			<search_title>Education Theory</search_title>
			<search_description>Educational Theory is a quarterly journal of philosophy of education and related disciplines.</search_description>
			<url>http://www.ed.uiuc.edu/EPS/Educational-Theory/</url>
			<search_url>http://www.google.com/search?&amp;q=site%3Awww.ed.uiuc.edu%2FEPS%2FEducational-Theory %2F+{$formKeywords}</search_url>
			
		</search>
	</context>
	<context>
		<context_title>Related studies</context_title>
		<context_abbrev>Related studies</context_abbrev>
		<context_description>Access to related studies by establishing a working link with an open-access (free) database, with abstracts and/or full texts related to your topic.</context_description>

		<search>
			<search_title>Education Research</search_title>
			<search_description>RAND posts reports of its public policy research on education topics. Issues such as K-12 assessment and accountability, school reform, teachers and teaching, higher education, military education and training, and worker training are addressed.</search_description>
			<url>http://www.rand.org/research_areas/education/</url>
			<search_url>http://vivisimo.rand.org/vivisimo/cgi-bin/query-meta?v%3Aproject=pubs&amp;input-form=simple&amp;Go=Search&amp;query={$formKeywords}</search_url>
			
		</search>
		<search>
			<search_title>ERIC Digests</search_title>
			<search_description>ERIC Digests include:  

- short reports (1,000 - 1,500 words) on topics of prime current interest in education. There are a large variety of topics covered including teaching, learning, libraries, charter schools, special education, higher education, home schooling, and many more. 

- targeted specifically for teachers, administrators, policymakers, and other practitioners, but generally useful to the broad educational community.  

- designed to provide an overview of information on a given topic, plus references to items providing more detailed information.  

- produced by the former 16 subject-specialized ERIC Clearinghouses, and reviewed by experts and content specialists in the field.  

- funded by the Office of Educational Research and Improvement (OERI), of the U.S. Department of Education (ED).  

- The full-text ERIC Digest database contains over 3000 Digests with the latest updates being added to this site in July 2005.</search_description>
			<url>http://www.ericdigests.org/</url>
			<search_url>http://www.google.com/custom?domains=ericdigests.org&amp;sitesearch=ericdigests.org&amp;q={$formKeywords}</search_url>
			
		</search>
		<search>
			<search_title>ED Pubs Online Ordering System</search_title>
			<search_description>ED Pubs Online Ordering System is intended to help users identify and order U.S. Department of Education products. All publications are provided at no cost to the general public by the U.S. Department of Education. </search_description>
			<url>http://www.edpubs.org/webstore/Content/search.asp</url>
			<search_url>http://www.edpubs.org/webstore/EdSearch/SearchResults.asp?Search=True&amp;CQQUERYTYPE=2&amp;CQFULLTEXT={$formKeywords}</search_url>
			
		</search>
		<search>
			<search_title>Education-Line: Electronic Texts in Education and Training</search_title>
			<search_description>Education-Line: Electronic Texts in Education and Training (UK) is a searchable &quot;electronic archive of 'gray' (report, conference, working paper) and 'pre-print' literature in the field of education and training.&quot; Provided by the British Education Index (BEI), this database provides access to over 1,000 papers presented at British research conferences and elsewhere. Provides links to searchable paper files from conferences sponsored by the British Educational Research Association, the European Conference on Educational Research, and others.</search_description>
			<url>http://www.leeds.ac.uk/educol/</url>
			<search_url>http://brs.leeds.ac.uk/cgi-bin/brs_engine?*ID=1&amp;*DB=BEID&amp;*PT=50&amp;*FT=BEID&amp;*HI=Y&amp;TITL=&amp;AUTH=&amp;SUBJ=&amp;*SO=TITL&amp;SUBMIT_BUTTON=search%20button&amp;*QQ={$formKeywords}</search_url>
			
		</search>
		<search>
			<search_title>SearchERIC</search_title>
			<search_description>Tools to search the abstracts and Digests produced by the ERICSM system.</search_description>
			<url>http://www.eric.ed.gov/</url>
			<search_url>http://www.google.com/custom?domains=www.eric.ed.gov&amp;sa=Google+Search&amp;sitesearch=www.eric.ed.gov&amp;q={$formKeywords}</search_url>
			
		</search>
		<search>
			<search_title>ERIC - Education Resources Information Center</search_title>
			<search_description>ERIC - the Education Resources Information Center - is an internet-based digital library of education research and information sponsored by the Institute of Education Sciences (IES) of the U.S. Department of Education. 

ERIC provides access to bibliographic records of journal and non-journal literature indexed from 1966 to the present. 

The ERIC collection includes bibliographic records (citations, abstracts, and other pertinent data) for more than 1.2 million items indexed since 1966, including journal articles, books,  research syntheses, conference papers, technical reports, 
policy papers, and other education-related materials.

ERIC currently indexes more than 600 journals, the majority of which are indexed comprehensively — every article in each issue is included in ERIC. Some journals are indexed selectively — only those articles that are education-related are selected for indexing. 

In addition, contributors have given ERIC permission to display more than 115,000 full-text materials in PDF format - at no charge. These materials are generally part of the recent &quot;grey literature&quot; such as conference papers and reports, rather than journal articles and books. Most materials published 2004 and forward include links to other sources, including publishers' Web sites.</search_description>
			<url>http://eric.ed.gov/</url>
			<search_url>http://eric.ed.gov/ERICWebPortal/Home.portal?_nfpb=true&amp;ERICExtSearch_SearchType_0=kw&amp;_pageLabel=ERICSearchResult&amp;newSearch=true&amp;rnd=1189800475852&amp;searchtype=keyword&amp;ERICExtSearch_SearchValue_0={$formKeywords}</search_url>
			
		</search>
		<search>
			<search_title>Education Review (ER)</search_title>
			<search_description>Education Review publishes reviews of recent books in education, covering the entire range of education scholarship and practice.</search_description>
			<url>http://edrev.asu.edu/index.html</url>
			<search_url>http://edrev.asu.edu/cgi-bin/htsearch?method=and&amp;format=builtin-long&amp;sort=score&amp;config=edrev.asu.edu&amp;restrict=&amp;exclude=&amp;words={$formKeywords}</search_url>
			
		</search>
	</context>
	<context>
		<context_title>Pay-per-view</context_title>
		<context_abbrev>Pay-per-view</context_abbrev>
		<context_description>A pay-per-view service is for those who do not have direct access to electronic journal articles via subscriptions. The service allows customers to gain direct access to an article by paying by credit card using the RSC's secure payment mechanism. Immediately the payment details have been validated, the customer can gain access to the required article file for a period of 30 days.</context_description>

		<search>
			<search_title>Ingenta</search_title>
			<search_description>Ingenta restricts access to full text articles. Although access to the full text costs money, the site can be used as a free index.</search_description>
			<url>http://www.ingentaconnect.com/</url>
			<search_url>http://www.ingentaconnect.com/search?form_name=advanced&amp;title_type=tka&amp;author=&amp;journal=&amp;journal_type=words&amp;volume=&amp;issue=&amp;database=1&amp;year_from=2002&amp;year_to=2007&amp;pageSize=20&amp;x=42&amp;y=13&amp;title={$formKeywords}</search_url>
			
		</search>
		<search>
			<search_title>ebrary</search_title>
			<search_description>Independent researchers who do not have access to ebrary's databases through their library may now set up an individual account for as little as $5. ebrary Discover spans multiple academic disciplines and provides anytime, anywhere access to over 20,000 authoritative titles including books in full-text, sheet music, reports and other authoritative documents from more than 175 leading publishers such as Cambridge University Press, Random House, Inc., and The McGraw-Hill Companies.</search_description>
			<url>http://www.ebrary.com/corp/content.htm</url>
			<search_url>http://shop.ebrary.com/Top?layout=search&amp;f00=text&amp;p01=&amp;f01=subject&amp;d=journal&amp;l=en&amp;sch=%A0%A0%A0%A0%A0Search%A0%A0%A0%A0%A0&amp;frm=adv.x&amp;p00={$formKeywords}</search_url>
			
		</search>
		<search>
			<search_title>Questia</search_title>
			<search_description>Questia provides access to over 47,000 books and 375,000 journal, magazine, and newspaper articles. All books and articles are available in their entirety - search every page. The subscription rate is ranging from 19.05 per month to 119.95 per year.</search_description>
			<url>http://www.questia.com/</url>
			<search_url>http://www.questia.com/SM.qst?act=search&amp;keywordsSearchType=1000&amp;mediaType=book&amp;mediaType=journal&amp;mediaType=magazine&amp;mediaType=newspaper&amp;mediaType=encyclopedia&amp;mediaType=startpage&amp;keywords={$formKeywords}</search_url>
			
		</search>
		<search>
			<search_title>Wiley InterScience Pay-per-view Service</search_title>
			<search_description>Wiley InterScience Pay-per-view affords instant, full-text access to an extensive collection of journal articles or book chapters available on Wiley InterScience without the need for a subscription. This service allows anyone to purchase access to individual journal articles or book chapters directly by using a credit card. Access is instant and available for 24 hours.</search_description>
			<url>http://www3.interscience.wiley.com/aboutus/ppv-articleselect.html</url>
			<search_url>http://www3.interscience.wiley.com/search/allsearch</search_url>
			<search_post>allContentSearchForm=&amp;mode=quicksearch&amp;WISindexid1=WISall&amp;WISsearch1={$formKeywords}</search_post>			
		</search>
	</context>
	<context>
		<context_title>Online forums</context_title>
		<context_abbrev>Online forums</context_abbrev>
		<context_description>Choose online, open-access online forums that would enrich the context of the research studies on your site.</context_description>

		<search>
			<search_title>H-Net, Humanities &amp; Social Sciences Online</search_title>
			<search_description>H-Net Humanities and Social Sciences Online provides information and resources for all those interested in the Humanities and Social Sciences.</search_description>
			<url>http://www2.h-net.msu.edu/lists/</url>
			<search_url>http://www2.h-net.msu.edu/logsearch/index.cgi?type=boolean&amp;hitlimit=25&amp;field=&amp;nojg=on&amp;smonth=00&amp;syear=1989&amp;emonth=11&amp;eyear=2004&amp;order=relevance&amp;phrase={$formKeywords}</search_url>
			
		</search>
		<search>
			<search_title>Liszt</search_title>
			<search_description>Liszt, hosted by Topica, is a free service that allows you to find, manage and participate in email lists and discussion groups in education.</search_description>
			<url>http://www.liszt.com/dir/?cid=0</url>
			<search_url>http://www.liszt.com/search/?search_type=cat&amp;query={$formKeywords}</search_url>
			
		</search>
		<search>
			<search_title>JISCmail</search_title>
			<search_description>The National Academic Mailing List Service, known as 'JISCmail', is one of a number of JANET services provided by JANET(UK) (www.ja.net) and funded by the JISC (www.jisc.ac.uk) to benefit learning, teaching and research communities. The Science and Technology Facilities Council (www.scitech.ac.uk) currently operates and develops the JISCmail service on behalf of JANET(UK).</search_description>
			<url>http://www.jiscmail.ac.uk/index.htm</url>
			<search_url>http://www.jiscmail.ac.uk/cgi-bin/listsearcher.cgi?</search_url>
			<search_post>chk_wds=chk_wds&amp;opt=listsearcher&amp;thecriteria={$formKeywords}</search_post>			
		</search>
	</context>
	<context>
		<context_title>Multimedia</context_title>
		<context_abbrev>Multimedia</context_abbrev>
		<context_description>Multimedia Content</context_description>

		<search>
			<search_title>The Open Video Project</search_title>
			<search_description>The Open Video project is a collection of public domain digital video available for research and other purposes.  The purpose of the Open Video Project is to collect and make available a repository of digitized video content for the digital video, multimedia retrieval, digital library, and other research communities.</search_description>
			<url>http://www.open-video.org/index.php</url>
			<search_url>http://www.open-video.org/results.php?search_field=all&amp;terms={$formKeywords}</search_url>
			
		</search>
	</context>
	<context>
		<context_title>Teaching files</context_title>
		<context_abbrev>Instructional</context_abbrev>
		<context_description>Immediately initiates a search based on the subject of the article or paper that connects users to free current and archival articles in the field from leading newspapers around the world.</context_description>

		<search>
			<search_title>BBC Learning</search_title>
			<search_description>BBC Online - Education BBC Education. Access to excellent learning resources for adults and children. Lots of subjects - history, science, languages, health, work skills, culture, technology, arts, literature, business, nature, life, leisure.</search_description>
			<url>http://www.bbc.co.uk/learning</url>
			<search_url>http://www.bbc.co.uk/cgi-bin/search/results.pl?go.x=0&amp;go.y=0&amp;go=go&amp;uri=%2Flearning%2F&amp;q={$formKeywords}</search_url>
			
		</search>
		<search>
			<search_title>Educator's Reference Desk</search_title>
			<search_description>The people who created AskERIC announce a new service and name to access the resources you've come to depend on for over a decade. While the U.S. Department of Education will discontinue the AskERIC service December 19th, you will still have access to the resources you've come to depend upon. Through The Educator's Reference Desk (http://www.eduref.org) you can access AskERIC's 2,000+ lesson plans, 3,000+ links to online education information, and 200+ question archive responses. While the question answer service will no longer be active, The Educator's Reference Desk provides a search interface to the ERIC Databases, providing access to over one million bibliographic records on educational research, theory, and practice.</search_description>
			<url>http://www.eduref.org/</url>
			<search_url>http://www.google.com/search?&amp;q=site%3Awww.eduref.org+{$formKeywords}</search_url>
			
		</search>
		<search>
			<search_title>Marco Polo</search_title>
			<search_description>MarcoPolo: Internet Content for the Classroom is a nonprofit consortium of premier national and international education organizations and the MCI Foundation dedicated to providing the highest quality Internet content and professional development to teachers and students throughout the United States.</search_description>
			<url>http://www.marcopolo-education.org/</url>
			<search_url>http://www.marcopolosearch.org/mpsearch/Search_Results.asp?orgn_id=2&amp;log_type=1&amp;hdnFilter=&amp;hdnPerPage=15&amp;selUsing=all&amp;txtSearchFor={$formKeywords}</search_url>
			
		</search>
		<search>
			<search_title>National Science Digital Library</search_title>
			<search_description>The National Science Digital Library (NSDL) was created by the National Science Foundation to provide organized access to high quality resources and tools that support innovations in teaching and learning at all levels of science, technology, engineering, and mathematics education.</search_description>
			<url>http://nsdl.org/about</url>
			<search_url>http://nsdl.org/search/?formview=searchresults&amp;verb=Search&amp;s=0&amp;n=10&amp;boost%5B%5D=compoundTitle&amp;boost%5B%5D=compoundDescription&amp;q={$formKeywords}</search_url>
			
		</search>
		<search>
			<search_title>Community Learning Network</search_title>
			<search_description>Community Learning Network is designed to help K-12 teachers integrate technology into the classroom.</search_description>
			<url>http://www.cln.org/</url>
			<search_url>http://www.openschool.bc.ca/cgi-bin/htsearch?method=and&amp;format=builtin-long&amp;sort=score&amp;config=htdig_cln&amp;restrict2=&amp;submit2=Search&amp;words={$formKeywords}</search_url>
			
		</search>
		<search>
			<search_title>Educational Media Reviews Online</search_title>
			<search_description>Educational Media Reviews Online is a database of video, DVD, and CD-ROM reviews on materials from major educational and documentary distributors. The reviews are written primarily by librarians and teaching faculty in institutions across the United States and Canada.</search_description>
			<url>http://libweb.lib.buffalo.edu/emro/about.asp</url>
			<search_url>http://libweb.lib.buffalo.edu/emro/EmroResults.asp?Title=&amp;Subject=%25&amp;Reviewer=&amp;Year=%25&amp;Rating=%25&amp;Distributor=&amp;Format=%25&amp;Submit=%A0%A0%A0%A0%A0Search%A0%A0%A0%A0&amp;Keyword={$formKeywords}</search_url>
			
		</search>
		<search>
			<search_title>Gateway to Educational Materials (GEM)</search_title>
			<search_description>This site offers a one-stop educational resource to Internet lesson plans, curriculum units, and activities pertaining to all K-12 subjects. Users can browse sites by subject or keyword, desired grade or education level. They can also search by subject, keyword, title, and full-text of the site description. Sources include the AskERIC Virtual Library, the Eisenhower National Clearinghouse, Math Forum, Microsoft Encarta, the North Carolina Department of Public Instruction, and the US Department of Education.</search_description>
			<url>http://www.thegateway.org/</url>
			<search_url>http://64.119.44.148/portal_seamarksearch/makesearch?isliteral=yes&amp;operator=contains&amp;form.submitted=1&amp;dimension=fulltext&amp;ss=Go&amp;value={$formKeywords}</search_url>
			
		</search>
		<search>
			<search_title>Merlot</search_title>
			<search_description>Merlot is a free and open resource designed primarily for faculty and students in higher education. With a continually growing collection of online learning materials, peer reviews and assignments, MERLOT helps faculty enhance instruction.</search_description>
			<url>http://www.merlot.org/Home.po</url>
			<search_url>http://www.merlot.org/merlot/materials.htm?keywords={$formKeywords}</search_url>
			
		</search>
		<search>
			<search_title>SMETE</search_title>
			<search_description>Science, Mathematics, Engineering and Technology Education (SMETE) contains a searchable working prototype of a National Science, Mathematics, Engineering, and Technology Education Digital Library.</search_description>
			<url>http://www.smete.org/</url>
			<search_url>http://www.smete.org/smete/public/find/search_results.jhtml?_DARGS=/smete/home_body.jhtml&amp;_D:/smete/forms/SimpleSearchForm.keyword=&amp;/smete/forms/SimpleSearchForm.operation=simpleSearch&amp;_D:/smete/forms/SimpleSearchForm.operation=&amp;&amp;/smete/forms/SimpleSearchForm.keyword={$formKeywords}</search_url>
			
		</search>
	</context>
	<context>
		<context_title>Relevant portals</context_title>
		<context_abbrev>Relevant portals</context_abbrev>
		<context_description>Education-related Portals</context_description>

		<search>
			<search_title>National Center for Education Statistics</search_title>
			<search_description>The site of the Department of Education's major statistical agency has a catalog of publications available, with text and tables from some of the publications.</search_description>
			<url>http://nces.ed.gov/</url>
			<search_url>http://search.nces.ed.gov/search?output=xml_no_dtd&amp;client=nces&amp;proxystylesheet=nces&amp;site=nces&amp;q={$formKeywords}</search_url>
			
		</search>
		<search>
			<search_title>Federal Resources for Educational Excellence</search_title>
			<search_description>Federal Resources For Educational Excellence: More than 30 Federal agencies formed a working group in 1997 to make hundreds of education resources supported by agencies across the U.S. Federal government easier to find. The result of that work is the FREE web site. Subjects include: Arts, Educational technology, Foreign languages, Health and Safety, Language arts, Mathematics, Physical education, Science, Social studies, and Vocational education.</search_description>
			<url>http://free.ed.gov/template.cfm?template=About%20FREE</url>
			<search_url>http://free.ed.gov/searchres.cfm</search_url>
			<search_post>searchword={$formKeywords}</search_post>			
		</search>
		<search>
			<search_title>EdResearch Online</search_title>
			<search_description>The EdResearch Online database hasover 12,000 online education research documents and articles. These form a subset of the Australian Education Index.</search_description>
			<url>http://cunningham.acer.edu.au/dbtw-wpd/sample/edresearch.htm</url>
			<search_url>http://cunningham.acer.edu.au/dbtw-wpd/exec/dbtwpub.dll</search_url>
			<search_post>MF=&amp;AC=QBE_QUERY&amp;NP=2&amp;RL=0&amp;QF0=AUTHOR | CORPORATE AUTHOR | TITLE | SUBJECTS | ORGANISATIONS | ABSTRACT | GEOGRAPHICAL | ADDED AUTHORS | ADDED CORPORATE | IDENTIFIERS | JOURNAL TITLE | ISSN&amp;TN=edresearchonline&amp;DF=Web_Full&amp;RF=Web_Brief&amp;MR=50&amp;DL=0&amp;QI0={$formKeywords}</search_post>			
		</search>
		<search>
			<search_title>National Clearinghouse for Educational Facilities</search_title>
			<search_description>This site's resources include &quot;free information about K-12 school planning, design, financing, construction, operations and maintenance.&quot; The Libraries/Media Centers section includes a bibliography of books and articles covering all aspects of construction management, architecture, and cost estimation. Disaster planning, health, and environmental issues receive consideration. Check the links for other professional organizations, government programs and agencies, research centers, products, and services. Click on Gallery to view project graphics. Searchable.</search_description>
			<url>http://www.edfacilities.org/</url>
			<search_url>http://www.edfacilities.org/search/index.cfm</search_url>
			<search_post>RequestTimeout=300&amp;SearchSortField1=NCEFDate&amp;SearchSortOrder1=DESC&amp;SearchScope=All&amp;SearchLogic=AND&amp;SearchKeywords={$formKeywords}</search_post>			
		</search>
		<search>
			<search_title>Education Development Center</search_title>
			<search_description>The EDC is an international, non-profit organization with more than 335 continuing projects focused on the enhancement of eduThis site's resources include &quot;free information about K-12 school planning, design, financing, construction, operations and maintenance.&quot; The Libraries/Media Centers section includes a bibliography of books and articles covering all aspects of construction management, architecture, and cost estimation. Disaster planning, health, and environmental issues receive consideration. Check the links for other professional organizations, government programs and agencies, research centers, products, and services. Click on Gallery to view project graphics. Searchable.cational methods and initiatives.  The Center's site includes information related the use of technology in education.</search_description>
			<url>http://main.edc.org/</url>
			<search_url>http://google2.edc.org/search?site=newsroom&amp;client=edc_main&amp;proxystylesheet=edc_main&amp;output=xml_no_dtd&amp;filter=0&amp;q={$formKeywords}</search_url>
			
		</search>
		<search>
			<search_title>ENC Online: Eisenhower National Clearinghouse for Mathematics and Science Education</search_title>
			<search_description>Established in 1992 with funding from the U.S. Department of Education, the mission of the clearinghouse is to &quot;acquire and catalog mathematics and science curriculum resources, creating the most comprehensive collection in the nation; provide the best selection of math and science education resources on the Internet; support teachers' professional development in math, science, and the effective use of technology; serve all K-12 educators, parents, and students with free products and services.&quot;

ENC.ORG is now goENC.COM!</search_description>
			<url>http://www.goenc.com/</url>
			<search_url>http://www.goenc.com/search/default.asp?page=1&amp;pagelength=10&amp;grade=G0&amp;resourceType=R0&amp;go=Search&amp;searchText={$formKeywords}</search_url>
			
		</search>
	</context>
	<context>
		<context_title>Government policy</context_title>
		<context_abbrev>Gov Policy</context_abbrev>
		<context_description>Access to Information and services gateway run by the Government of the United States and Canada.</context_description>

		<search>
			<search_title>Access to Australian Government Information and Services</search_title>
			<search_description>The Australian Government Entry Point offers comprehensive and integrated access to Australian Government information and services.  You will find a concentrated body of Australian Government information through this site. &lt;a href=&quot;http://www.australia.gov.au&quot;&gt;www.australia.gov.au&lt;/a&gt; currently signposts over 700 Australian Government web sites, indexes more than 5,000,000 pages and uses both metadata and full text indexing to ensure it is a comprehensive government portal.</search_description>
			<url>http://www.fed.gov.au</url>
			<search_url>http://govsearch.australia.gov.au/search/search.cgi?collection=gov&amp;form=au&amp;query=&amp;query_phrase=&amp;query_or=&amp;query_not=&amp;meta_f_sand=&amp;scope=&amp;fscope=512&amp;num_ranks=20&amp;chksummary=chksummary&amp;query_and={$formKeywords}</search_url>
			
		</search>
		<search>
			<search_title>Government of Canada homepage</search_title>
			<search_description>This is the primary internet portal for information on the Government of Canada, its programmes, services, new initiatives and products, and for information about Canada. Among its features are three audience-based gateways that provide access to information and services for: Canadians, Non-Canadians, and Canadian business.</search_description>
			<url>http://www.canada.gc.ca/main_e.html</url>
			<search_url>http://search-recherche.collectionscanada.ca/fed/searchResults.jsp?SourceQuery=&amp;ResultCount=5&amp;PageNum=1&amp;MaxDocs=-1&amp;SortSpec=score+desc&amp;Language=eng&amp;Sources=amicus&amp;Sources=mikan&amp;Sources=web&amp;QueryText.x=11&amp;QueryText.y=13&amp;QueryText={$formKeywords}</search_url>
			<search_post>http://search-recherche.gc.ca/cgi-bin/query?mss=canada%2Fen%2Fsimple&amp;pg=q&amp;enc=iso88591&amp;site=main&amp;bridge=&amp;stt=&amp;lowercaseq=&amp;what=web&amp;user=searchintranet&amp;browser=&amp;kl=XX&amp;op=a&amp;q={$formKeywords}</search_post>			
		</search>
		<search>
			<search_title>Directgov</search_title>
			<search_description>Directgov is a government service giving people access to the latest and widest range of public service information in one place on the Web and on Digital TV. Directgov uses the specifications formulated and consulted on through UK GovTalk.</search_description>
			<url>http://www.direct.gov.uk</url>
			<search_url>http://www.direct.gov.uk/AdvancedSearch/SearchResults/fs/en?NP=1&amp;PO1=C&amp;PI1=W&amp;PF1=A&amp;PG=1&amp;RP=20&amp;SC=__dgov_site&amp;Z=1&amp;PT1={$formKeywords}</search_url>
			
		</search>
		<search>
			<search_title>Info4local.gov.uk</search_title>
			<search_description>Information for local government from central government.  This site gives local authorities a quick and easy way to find relevant information on the web sites of central government departments, agencies and public bodies. It includes extensive information on implementing electronic government.</search_description>
			<url>http://www.info4local.gov.uk</url>
			<search_url>http://www.info4local.gov.uk/?view=Search+results&amp;subjects=all&amp;departmentsIds=0&amp;informationTypesIds=all&amp;query={$formKeywords}</search_url>
			
		</search>
		<search>
			<search_title>The New Zealand government portal</search_title>
			<search_description>The New Zealand government portal is a website providing search capability for, and links into the online and offline information and services of most government agencies.  This site is managed and maintained by the State Services Commission, a New Zealand government department.</search_description>
			<url>http://www.govt.nz</url>
			<search_url>http://www.govt.nz/search?type=spider&amp;t=spider&amp;q={$formKeywords}</search_url>
			
		</search>
		<search>
			<search_title>Europa</search_title>
			<search_description>Current information on the member countries of the European Union, including statistical data, policies, news, official documents, legal texts, and other publications.</search_description>
			<url>http://europa.eu.int/index_en.htm</url>
			<search_url>http://europa.eu/geninfo/query/resultaction.jsp?</search_url>
			<search_post>qtype=simple&amp;Collection=EuropaFull&amp;ResultTemplate=/result_en.jsp&amp;DefaultLG=en&amp;ResultCount=10&amp;html=&amp;QueryText={$formKeywords}</search_post>			
		</search>
		<search>
			<search_title>The Global Legal Information Network (GLIN)</search_title>
			<search_description>The Global Legal Information Network (GLIN) is a database of laws, regulations, judicial decisions, and other complementary legal sources contributed by governmental agencies and international organizations. These GLIN members contribute the official full texts of published documents to the database in their original language. Each document is accompanied by a summary in English and subject terms selected from the multilingual index to GLIN.</search_description>
			<url>http://www.glin.gov</url>
			<search_url>http://www.glin.gov/search.do?refineQuery=&amp;offset=0&amp;refineQueryType=&amp;fromSearch=true&amp;queryType=ALL&amp;searchBtn=Search&amp;includeAllFields=on&amp;searchAll=on&amp;sumLanguage=any&amp;pubLanguage=any&amp;pubJurisdiction=any&amp;publicationJurisdictionExclude=false&amp;searchPublicationDate=true&amp;dateFromDay=01&amp;dateFromMonth=01&amp;dateFromYear=&amp;dateToDay=01&amp;dateToMonth=01&amp;dateToYear=&amp;subjTerm=&amp;subjTermConjunction%5B0%5D=AND&amp;subjTerm=&amp;subjTermConjunction%5B1%5D=AND&amp;subjTerm=&amp;subjTermConjunction%5B2%5D=AND&amp;subjTerm=&amp;subjTermConjunction%5B3%5D=AND&amp;subjTerm=&amp;searchOrder=default&amp;hitsPerPage=10&amp;showSummary=on&amp;queryString={$formKeywords}</search_url>
			
		</search>
		<search>
			<search_title>FirstGov</search_title>
			<search_description>FirstGov (U.S. federal and state) is a public-private partnership, led by a cross-agency board.</search_description>
			<url>http://www.firstgov.gov/</url>
			<search_url>http://www.firstgov.gov/fgsearch/index.jsp?ms0=%A0&amp;mt0=all&amp;st=AS&amp;rn=2&amp;parsed=true&amp;db=www-fed-all&amp;mw0={$formKeywords}</search_url>
			
		</search>
		<search>
			<search_title>Canada Site</search_title>
			<search_description>Canada Sites provides an information and services gateway run by the Government of Canada and each of the provinces.</search_description>
			<url>http://www.canada.gc.ca/main_e.html</url>
			<search_url>http://search-recherche.gc.ca/cgi-bin/query?mss=canada%2Fen%2Fsimple.html&amp;enc=iso88591&amp;pg=q&amp;kl=en&amp;site=main&amp;q={$formKeywords}</search_url>
			
		</search>
	</context>
	<context>
		<context_title>Media reports</context_title>
		<context_abbrev>Media reports</context_abbrev>
		<context_description>Immediately initiates a search based on the subject of the article or paper that connects users to free current and archival articles in the field from leading newspapers around the world.</context_description>

		<search>
			<search_title>Google News</search_title>
			<search_description>Search news reports using the popular search engine Google's news feature.</search_description>
			<url>http://news.google.com/</url>
			<search_url>http://news.google.com/news?hl=en&amp;q={$formKeywords}</search_url>
			
		</search>
		<search>
			<search_title>Globe and Mail</search_title>
			<search_description>Globe and Mail, Toronto (last seven days)</search_description>
			<url>http://www.globeandmail.com/</url>
			<search_url>http://www.globeandmail.com/servlet/HTMLTemplate/search?tf=tgam/search/tgam/SearchResults.html&amp;cf=tgam/search/tgam/SearchResults.cfg&amp;current_row=1&amp;start_row=1&amp;num_rows=10&amp;keywords={$formKeywords}</search_url>
			
		</search>
		<search>
			<search_title>People's Daily</search_title>
			<search_description>People's Daily, China (January 1999-)</search_description>
			<url>http://english.peopledaily.com.cn/</url>
			<search_url>http://search.people.com.cn/was40/people/GB/english_index.jsp?type=1&amp;channel=</search_url>
			<search_post>Content=&amp;searchword={$formKeywords}</search_post>			
		</search>
		<search>
			<search_title>Mail &amp; Guardian Newspaper</search_title>
			<search_description>Mail &amp; Guardian Newspaper, South Africa (1994-)</search_description>
			<url>http://www.mg.co.za/</url>
			<search_url>http://www.mg.co.za/mg_search_results.aspx?PrintEdition=PrintEdition&amp;DailyNews=DailyNews&amp;SearchSection=&amp;StartDay=&amp;StartMonth=&amp;StartYear=&amp;EndDay=&amp;EndMonth=&amp;EndYear=&amp;keywords={$formKeywords}</search_url>
			
		</search>
		<search>
			<search_title>National Public Radio</search_title>
			<search_description>National Public Radio, United States (unlimited)</search_description>
			<url>http://www.npr.org/archives/</url>
			<search_url>http://www.npr.org/search.php?text={$formKeywords}</search_url>
			
		</search>
		<search>
			<search_title>New York Times</search_title>
			<search_description>New York Times, New York (last seven days)</search_description>
			<url>http://www.nytimes.com/</url>
			<search_url>http://query.nytimes.com/search/query?date=site1week&amp;submit.x=1&amp;submit.y=9&amp;query={$formKeywords}</search_url>
			
		</search>
		<search>
			<search_title>The Japan Times Online</search_title>
			<search_description>The Japan Times Online, Japan (January 1999-)</search_description>
			<url>http://www.japantimes.co.jp/</url>
			<search_url>http://www.google.co.jp/custom?domains=japantimes.co.jp&amp;client=pub-4223870936880387&amp;forid=1&amp;ie=Shift_JIS&amp;oe=Shift_JIS&amp;term1=&amp;cof=GALT%3A%23008000%3BGL%3A1%3BDIV%3A%23336699%3BVLC%3A663399%3BAH%3Acenter%3BBGC%3AFFFFFF%3BLBGC%3AFFFFFF%3BALC%3A0000FF%3BLC%3A0000FF%3BT%3A000000%3BGFNT%3A0000FF%3BGIMP%3A0000FF%3BLH%3A60%3BLW%3A200%3BL%3Ahttp%3A%2F%2Fwww.japantimes.co.jp%2Fimages%2Fheader_title.gif%3BS%3Ahttp%3A%2F%2Fwww.japantimes.co.jp%2F%3BFORID%3A1%3B&amp;hl=ja&amp;advancesearch=&amp;q={$formKeywords}</search_url>
			
		</search>
		<search>
			<search_title>The Moscow Times</search_title>
			<search_description>The Moscow Times, Russia (1994-)</search_description>
			<url>http://www.themoscowtimes.com/indexes/01.html</url>
			<search_url>http://www.moscowtimes.ru/cgi-bin/search?config=&amp;exclude=&amp;method=and&amp;format=long&amp;sort=score&amp;matchesperpage=10&amp;words={$formKeywords}</search_url>
			
		</search>
		<search>
			<search_title>Washington Post</search_title>
			<search_description>Washington Post, Washington, DC (last two weeks)</search_description>
			<url>http://www.washingtonpost.com/</url>
			<search_url>http://www.washingtonpost.com/cgi-bin/search99.pl?searchsection=news&amp;searchdatabase=news&amp;x=11&amp;y=8&amp;searchtext={$formKeywords}</search_url>
			
		</search>
		<search>
			<search_title>Newsdirectory</search_title>
			<search_description>Newsdirectory is a comprehensive and searchable guide to the world's English-language online media. Currently over 8,000 newspapers and magazines are listed, as well as more than 1,000 U.S. television broadcasters.</search_description>
			<url>http://www.newsdirectory.com/</url>
			<search_url>http://www.newsdirectory.com/hbSearch.php</search_url>
			<search_post>s={$formKeywords}&amp; submit=Go</search_post>			
		</search>
	</context>
	<context>
		<context_title>Web search</context_title>
		<context_abbrev>Web search</context_abbrev>
		<context_description>Enter a search term for Internet resources through various search engines.</context_description>

		<search>
			<search_title>Google</search_title>
			<search_description>Search using the popular Google search engine.</search_description>
			<url>http://www.google.com/</url>
			<search_url>http://www.google.com/search?q={$formKeywords}</search_url>
			
		</search>
		<search>
			<search_title>Google Scholar</search_title>
			<search_description>Google Scholar enables specific searches of scholarly literature, including peer-reviewed papers, theses, books, pre-prints, abstracts, and technical reports. Content includes a range of publishers and aggregators with whom Google already has standing arrangements, e.g., the Association for Computing Machinery, IEEE, OCLC's Open WorldCat library locator service, etc. Result displays will show different version clusters, citation analysis, and library location (currently books only).</search_description>
			<url>http://scholar.google.com</url>
			<search_url>http://scholar.google.com/scholar?ie=UTF-8&amp;oe=UTF-8&amp;hl=en&amp;q={$formKeywords}</search_url>
			
		</search>
		<search>
			<search_title>Clusty the Clustering Engine</search_title>
			<search_description>This search tool from Vivismo offers clustered results for a selection of searches.  Metasearch the whole web, or use tabs to search for news, gossip, images, orproducts via Bizrate or eBay.</search_description>
			<url>http://clusty.com/about</url>
			<search_url>http://clusty.com/search?query={$formKeywords}</search_url>
			
		</search>
		<search>
			<search_title>Vivisimo</search_title>
			<search_description>The award-winning Vivisimo clustering technology, developed by Carnegie Mellon research scientists, is unlocking the value of stored information at Fortune 500 companies, top websites, prestigious publishers and government agencies by categorizing research results on the fly into meaningful orders, thus achieving breakthrough improvement in access to relevant information.</search_description>
			<url>http://vivisimo.com</url>
			<search_url>http://vivisimo.com/search?tb=homepage&amp;v%3Asources=Web&amp;query={$formKeywords}</search_url>
			
		</search>
	</context>
</version>
