<?xml version="1.0" encoding="UTF-8"?>
<!DOCTYPE version SYSTEM "../../lib/pkp/dtd/rtVersion.dtd">

<!--
  * General_Science.xml
  *
  * Copyright (c) 2005-2012 Alec Smecher and John Willinsky
  * Distributed under the GNU GPL v2. For full terms see the file docs/COPYING.
  *
  * Reading Tools version: General Science (en_US)
  *
  * $Id$
  -->

<version id="General_Science" locale="en_US">
	<version_title>General Science</version_title>
	<version_description>The Reading Tools can help readers of this study consult a wide range of related resources that can provide a context for interpreting, situating and evaluating the study.</version_description>

	<context>
		<context_title>Author's work</context_title>
		<context_abbrev>Other Works</context_abbrev>
		<context_description>Identify other works by the article's author(s) by using OAI engines.</context_description>
		<author_terms />
		<search>
			<search_title>Google Scholar</search_title>
			<search_description>Google Scholar enables specific searches of scholarly literature, including peer-reviewed papers, theses, books, pre-prints, abstracts, and technical reports. Content includes a range of publishers and aggregators with whom Google already has standing arrangements, e.g., the Association for Computing Machinery, IEEE, OCLC's Open WorldCat library locator service, etc. Result displays will show different version clusters, citation analysis, and library location (currently books only).</search_description>
			<url>http://scholar.google.com</url>
			<search_url>http://scholar.google.com/scholar?ie=UTF-8&amp;oe=UTF-8&amp;hl=eng&amp;as_sauthors={$formKeywords}</search_url>
			
		</search>
		<search>
			<search_title>Intute: Science, Engineering &amp; Technology</search_title>
			<search_description>Intute: Science, Engineering and Technology is a free online service providing you with access to the very best Web resources for education and research, evaluated and selected by a network of subject specialists. It covers the physical sciences, engineering, computing, geography, mathematics and environmental science.  The database currently contains 33349 records.</search_description>
			<url>http://www.intute.ac.uk/sciences/</url>
			<search_url>http://www.intute.ac.uk/sciences/cgi-bin/search.pl?submit.x=0&amp;submit.y=0&amp;submit=Go&amp;limit=0&amp;subject=sciences&amp;term1={$formKeywords}</search_url>
			
		</search>
		<search>
			<search_title>OAIster (Open Archives Initiative research databases)</search_title>
			<search_description>OAIster is a project of the University of Michigan Digital Library Production Services, and provides searching a wide variety of collections from a wide variety of institutions. These institutions have made the records of their digital resources available to access, and the project team has gathered and aggregated them into the OAIster service.</search_description>
			<url>http://oaister.umdl.umich.edu/</url>
			<search_url>http://oaister.umdl.umich.edu/cgi/b/bib/bib-idx?type=boolean&amp;size=10&amp;c=oaister&amp;q1=&amp;rgn1=entire+record&amp;op2=and&amp;q2=&amp;rgn2=entire+record&amp;op3=And&amp;q3=&amp;rgn3=title&amp;op4=And&amp;rgn4=author&amp;op5=And&amp;q5=&amp;rgn5=subject&amp;op6=And&amp;rgn6=norm&amp;q6=all+types&amp;sort=author%2Fcreator&amp;submit2=search&amp;q4={$formKeywords}</search_url>
			
		</search>
		<search>
			<search_title>DOE Information Bridge</search_title>
			<search_description>The Information Bridge provides the open source to full-text and bibliographic records of Department of Energy (DOE) research and development reports in physics, chemistry, materials, biology, environmental sciences, energy technologies, engineering, computer and information science, renewable energy, and other topics.</search_description>
			<url>http://www.osti.gov/bridge/index.jsp</url>
			<search_url>http://www.osti.gov/bridge/basicsearch.jsp?act=Search&amp;formname=basicsearch.jsp&amp;review=1&amp;SortBy=RELV&amp;SortOrder=DESC&amp;querytype=search&amp;searchFor={$formKeywords}</search_url>
			
		</search>
		<search>
			<search_title>Public Knowledge Project Open Archives Harvester</search_title>
			<search_description>The PKP Open Archives Harvester is a free metadata indexing system developed by the Public Knowledge Project through its federally funded efforts to expand and improve access to research. The PKP OAI Harvester allows you to create a searchable index of the metadata from Open Archives Initiative-compliant archives, such as sites using Open Journal Systems or Open Conference Systems.</search_description>
			<url>http://pkp.sfu.ca/harvester/</url>
			<search_url>http://pkp.sfu.ca/harvester/search.php?limit=author&amp;query={$formKeywords}</search_url>
			
		</search>
		<search>
			<search_title>HighWire</search_title>
			<search_description>HighWire is one of the highest-impact journals in the field of science, technology and medicine. As of March 2002 HighWire contained 11,785,877 articles in over 4,500 Medline journals and 405,385 free full text articles from 321 HighWire-based journals.</search_description>
			<url>http://highwire.stanford.edu/</url>
			<search_url>http://highwire.stanford.edu/cgi/searchresults?andorexactfulltext=and&amp;resourcetype=1&amp;src=hw&amp;fulltext=&amp;pubdate_year=&amp;volume=&amp;firstpage=&amp;disp_type=&amp;author1={$formKeywords}</search_url>
			
		</search>
		<search>
			<search_title>NASA Technical Report Server</search_title>
			<search_description>NASA Technical Report Server (NTRS) is to provide students, educators, and the public access to NASA's technical literature. NTRS also collects scientific and technical information from sites external to NASA to broaden the scope of information available to users.</search_description>
			<url>http://ntrs.nasa.gov/index.jsp?method=aboutntrs</url>
			<search_url>http://ntrs.nasa.gov/search.jsp?N=0&amp;Ntk=all&amp;Ntx=mode%20matchall&amp;Ntt={$formKeywords}</search_url>
			
		</search>
		<search>
			<search_title>GrayLIT Network</search_title>
			<search_description>GrayLIT Network provides a full-text search across the gray literature of multiple government agencies within a science portal of technical reports. It taps into the search engines of distributed gray literature collections, enabling the user to find information without first having to know the sponsoring agency.</search_description>
			<url>http://graylit.osti.gov/</url>
			<search_url>http://graylit.osti.gov/cgi-bin/dexplcgi</search_url>
			<search_post>pp=all&amp;INTERFACE=1WINDOW&amp;FORM=DistributedSearch.html&amp;COLLECTION=dticft&amp;COLLECTION=jpl&amp;COLLECTION=gpoinfo&amp;COLLECTION=langley&amp;MAXDOCS=50&amp;QUERY={$formKeywords}</search_post>			
		</search>
		<search>
			<search_title>KOSMOI</search_title>
			<search_description>KOSMOI includes educational articles, books, posters, &amp; web links for all interested in the wonders of our Cosmos, on Science, Space, Technology, Nature, &amp; Web Design. Updated daily.</search_description>
			<url>http://kosmoi.com/</url>
			<search_url>http://www.google.com/custom?sa=Search&amp;cof=GIMP%3A%23cccccc%3BT%3A%23ffdd99%3BLW%3A468%3BALC%3Ared%3BL%3Ahttp%3A%2F%2Fencyclozine.com%2FPictures%2FBanner%2FEncycloZine2.jpg%3BGFNT%3A%23999999%3BLC%3A%23ffcc33%3BLH%3A60%3BBGC%3Ablack%3BAH%3Acenter%3BVLC%3A%23ffcc66%3BGL%3A2%3BGALT%3A%23ffffff%3BAWFID%3A29728ead1ae72975%3B&amp;domains=EncycloZine.com%3BKosmoi.com%3BEluzions.com&amp;sitesearch=Kosmoi.com&amp;q={$formKeywords}</search_url>
			
		</search>
	</context>
	<context>
		<context_title>Look up terms</context_title>
		<context_abbrev>Look up terms</context_abbrev>
		<context_description>Double click on any word in the text and it will appear in the &quot;Definition of terms&quot; box. You can also type or paste a word into the box. Then use the search function to find a definition for the word. These resources have been selected because of their relevance and their open (free) access to all or part of their contents.</context_description>
		<define_terms />
		<search>
			<search_title>Google</search_title>
			<search_description>Search for definitions using the popular Google search engine.</search_description>
			<url>http://www.google.com/</url>
			<search_url>http://www.google.com/search?hl=en&amp;q=define%3A{$formKeywords}</search_url>
			
		</search>
		<search>
			<search_title>Merriam-Webster Online</search_title>
			<search_description>A dictionary based on the Webster 10th Collegiate edition, 1993, with updates added annually. More than 160,000 entries. Each word is accompanied by definition, pronunciation, usage, grammatical function, and a brief etymology. Includes a thesaurus. Misspellings return suggested spellings. The dictionary's search system supports internal wildcards and right hand truncation searching. Includes an extensive pronunciation guide and sound files for the pronunciation of many terms.</search_description>
			<url>http://www.merriam-webster.com/</url>
			<search_url>http://www.merriam-webster.com/cgi-bin/dictionary?book=Dictionary&amp;va={$formKeywords}</search_url>
			
		</search>
		<search>
			<search_title>OneLook Dictionaries</search_title>
			<search_description>OneLook is a meta-dictionary. Enter an English language word or acronym, and OneLook will search its index of 5,292,362 words in 934 dictionaries indexed in general and special interest dictionaries for the definition.</search_description>
			<url>http://www.onelook.com/index.html</url>
			<search_url>http://www.onelook.com/?ls=a&amp;w={$formKeywords}</search_url>
			
		</search>
		<search>
			<search_title>Wikipedia: The Free Encyclopedia</search_title>
			<search_description>&quot;Wikipedia is a free content encyclopedia that is being written collaboratively by contributors from all around the world. The site is a WikiWiki, meaning that anyone ... can edit any article. ...&quot; Without editorial oversight, the quality of the content on this site varies dramatically, but it is worth exploring. The English version has hundreds of thousands of entries. Spanish, French, and Esperanto are among the several other languages offered.</search_description>
			<url>http://en.wikipedia.org/wiki/Main_Page</url>
			<search_url>http://en.wikipedia.org/wiki/Special:Search?go=Go&amp;fulltext=Search&amp;search={$formKeywords}</search_url>
			
		</search>
		<search>
			<search_title>Infoplease.com</search_title>
			<search_description>This site includes contents of the Information Please Almanacs, a biography database, a dictionary, an atlas, and articles from the Columbia Encyclopedia. You can search these ready reference works together or separately or browse the Almanacs. There are feature stories each week covering topics in the news, with links to pertinent Almanac content and other Web resources.</search_description>
			<url>http://www.infoplease.com</url>
			<search_url>http://www.infoplease.com/search?fr=iptn&amp;in=all&amp;x=0&amp;y=0&amp;query={$formKeywords}</search_url>
			
		</search>
	</context>
	<context>
		<context_title>Book searches</context_title>
		<context_abbrev>Book searches</context_abbrev>
		<context_description>Book-related Resources</context_description>

		<search>
			<search_title>Science Books and Films</search_title>
			<search_description>Science Books and Films is the AAAS review journal for science materials for all ages, including reviews and recommendations for books, videos, software, and web sites.</search_description>
			<url>http://sbfonline.com/</url>
			<search_url>http://sbfonline.com/sample/search.cgi?title_query_type=all&amp;author_query_type&amp;author=&amp;other=&amp;type=B&amp;type=F&amp;type=S&amp;title={$formKeywords}</search_url>
			
		</search>
		<search>
			<search_title>Google Print</search_title>
			<search_description>Google is working with libraries at the University of Michigan, Harvard University, Stanford University, Oxford University and the New York Public Library to digitize books in their collections and make them accessible via Google Print, a massive scanning project that will bring millions of volumes of printed books into the Google Print database.  Click a book title and you'll see the page of the book that has your search terms, your can search for more information within that specific book, find reviews, find related information, learn about the publisher, buy this book, and find nearby libraries that have it.</search_description>
			<url>http://print.google.com</url>
			<search_url>http://print.google.com/print?q={$formKeywords}</search_url>
			
		</search>
		<search>
			<search_title>National Academy Press(NAP)</search_title>
			<search_description>The National Academy Press (NAP) publishes over 200 books a year on a wide range of topics in science, engineering, and health, capturing the most authoritative views on important issues in science and health policy.</search_description>
			<url>http://books.nap.edu/books/0309070317/html/177.html</url>
			<search_url>http://search.nap.edu/nap-cgi/napsearch.cgi?term={$formKeywords}</search_url>
			
		</search>
		<search>
			<search_title>E-STREAMS</search_title>
			<search_description>E-STREAMS: Electronic reviews of Science &amp; Technology References covering Engineering, Agriculture, Medicine and Science. Each issue contains 30+ STM reviews, covering new titles in Engineering, Agriculture, Medicine and Science. Each review is signed, and includes the email address of the reviewer. The reviews feature short TOCs, a list of contributors and bibliographic information.</search_description>
			<url>http://www.e-streams.com/</url>
			<search_url>http://www.e-streams.com/c3/cgi-bin/search.pl</search_url>
			<search_post>boolean=AND&amp;case=Insensitive&amp;terms={$formKeywords}</search_post>			
		</search>
		<search>
			<search_title>Online books Page</search_title>
			<search_description>Online books Page, edited by John Mark Ockerbloom, at the University of Pennsylvania.  This is an excellent starting point in the search for full-text books on the Internet. Over 20,000 English works in various formats available online at different sites. Entries may be searched by author or title. An interesting feature allows browsing by Library of Congress call number categories. New listings are added regularly and are listed on a separate web page at &lt;a href=&quot;http://onlinebooks.library.upenn.edu/new.html&quot;&gt;http://onlinebooks.library.upenn.edu/new.html&lt;/a&gt;.</search_description>
			<url>http://digital.library.upenn.edu/books/</url>
			<search_url>http://onlinebooks.library.upenn.edu/webbin/book/search?tmode=words&amp;title={$formKeywords}</search_url>
			
		</search>
		<search>
			<search_title>Books-On-Line</search_title>
			<search_description>A collection of over 32935 titles, although some are only excerpts. Browse by subject or search by author or title. Not all items are free.</search_description>
			<url>http://www.books-on-line.com/</url>
			<search_url>http://www.books-on-line.com/bol/KeyWordSearch.cfm?RowCount=50&amp;Searchquery={$formKeywords}</search_url>
			
		</search>
		<search>
			<search_title>Universal Library</search_title>
			<search_description>The Universal Library is considerably more involved, and more ambitious -- it has amassed a collection of 100,000 e-books (some of them from Project Gutenberg), and is aiming for 1 million e-books by the end of 2006.</search_description>
			<url>http://tera-3.ul.cs.cmu.edu/</url>
			<search_url>http://tera-3.ul.cs.cmu.edu/cgi-bin/DBscripts/advsearch_db.cgi?perPage=25&amp;listStart=0&amp;author1=&amp;subject1=Any&amp;year1=&amp;year2=&amp;language1=Any&amp;scentre=Any&amp;search=Search&amp;title1={$formKeywords}</search_url>
			
		</search>
	</context>
	<context>
		<context_title>Relevant portals</context_title>
		<context_abbrev>Relevant portals</context_abbrev>
		<context_description>General Science resource portals</context_description>

		<search>
			<search_title>Science.gov</search_title>
			<search_description>Science.gov is a gateway to over 50 million pages of authoritative selected science information provided by U.S. government agencies, including research and development results.</search_description>
			<url>http://www.science.gov</url>
			<search_url>http://www.science.gov/scigov/search.html?expression={$formKeywords}</search_url>
			
		</search>
		<search>
			<search_title>SciCentral</search_title>
			<search_description>A directory of links to &quot;today's breaking science news.&quot; Browsable by topic, including biosciences, health sciences, physics, chemistry, earth and space, and engineering. Also includes links to related journals, databases, job opportunities, and conferences.</search_description>
			<url>http://scicentral.com/</url>
			<search_url>http://www.google.com/custom?client=pub-2641291926759270&amp;forid=1&amp;channel=1291454416&amp;ie=ISO-8859-1&amp;oe=ISO-8859-1&amp;cof=GALT%3A%23008000%3BGL%3A1%3BDIV%3A%23FFFFFF%3BVLC%3A663399%3BAH%3Acenter%3BBGC%3AFFFFFF%3BLBGC%3AFFFFFF%3BALC%3A0000FF%3BLC%3A0000FF%3BT%3A000000%3BGFNT%3A9999FF%3BGIMP%3A9999FF%3BLH%3A50%3BLW%3A78%3BL%3Ahttp%3A%2F%2Fwww.scicentral.com%2Fimages%2Fscclogo_for_google.gif%3BS%3Ahttp%3A%2F%2Fwww.scicentral.com%3BFORID%3A1%3B&amp;hl=en&amp;q={$formKeywords}</search_url>
			
		</search>
	</context>
	<context>
		<context_title>Related studies</context_title>
		<context_abbrev>Related studies</context_abbrev>
		<context_description>Access to related studies by establishing a working link with an open-access (free) database, with abstracts and/or full texts related to your topic.</context_description>

		<search>
			<search_title>Channel 4 Science</search_title>
			<search_description>Channel 4's science site covers a wide range of current scientific issues from science in society to science in medicine. The site is split into broad sections, each containing related topics, articles and programme information. There are resources at the end of the articles with listings of related Web Sites and reading material. The site also contains a helpful glossary and an &quot;Ask an expert&quot; facility for posing scientific queries to a body of scientific experts.</search_description>
			<url>http://www.channel4.com/science/index.html</url>
			<search_url>http://search.channel4.com/search?&amp;sort=date%3AD%3AL%3Ad1&amp;output=xml_no_dtd&amp;ie=UTF-8&amp;oe=UTF-8&amp;client=standard_c4&amp;proxystylesheet=standard_c4&amp;q={$formKeywords}</search_url>
			
		</search>
		<search>
			<search_title>Intute: Science, Engineering &amp; Technology</search_title>
			<search_description>Intute: Science, Engineering and Technology is a free online service providing you with access to the very best Web resources for education and research, evaluated and selected by a network of subject specialists. It covers the physical sciences, engineering, computing, geography, mathematics and environmental science.  The database currently contains 33349 records.</search_description>
			<url>http://www.intute.ac.uk/sciences/</url>
			<search_url>http://www.intute.ac.uk/sciences/cgi-bin/search.pl?submit.x=0&amp;submit.y=0&amp;submit=Go&amp;limit=0&amp;subject=sciences&amp;term1={$formKeywords}</search_url>
			
		</search>
		<search>
			<search_title>HighWire</search_title>
			<search_description>HighWire is one of the highest-impact journals in the field of science, technology and medicine. As of March 2002 HighWire contained 11,785,877 articles in over 4,500 Medline journals and 405,385 free full text articles from 321 HighWire-based journals.</search_description>
			<url>http://highwire.stanford.edu/</url>
			<search_url>http://highwire.stanford.edu/cgi/searchresults?author1=&amp;pubdate_year=&amp;volume=&amp;firstpage=&amp;src=hw&amp;hits=10&amp;hitsbrief=25&amp;resourcetype=1&amp;andorexactfulltext=and&amp;fulltext={$formKeywords}</search_url>
			
		</search>
		<search>
			<search_title>FirstGov for Science</search_title>
			<search_description>Science.gov is a gateway to authoritative selected science information provided by U.S. Government agencies, including research and development results.  It enables you to search 47 million pages in real time.</search_description>
			<url>http://science.gov/</url>
			<search_url>http://www.science.gov/search30/search.html?expression={$formKeywords}</search_url>
			
		</search>
		<search>
			<search_title>DOE Information Bridge</search_title>
			<search_description>The Information Bridge provides the open source to full-text and bibliographic records of Department of Energy (DOE) research and development reports in physics, chemistry, materials, biology, environmental sciences, energy technologies, engineering, computer and information science, renewable energy, and other topics.</search_description>
			<url>http://www.osti.gov/bridge/index.jsp</url>
			<search_url>http://www.osti.gov/bridge/basicsearch.jsp?act=Search&amp;formname=basicsearch.jsp&amp;review=1&amp;SortBy=RELV&amp;SortOrder=DESC&amp;querytype=search&amp;searchFor={$formKeywords}</search_url>
			
		</search>
		<search>
			<search_title>CASI Technical Report Server</search_title>
			<search_description>CASI Technical Report Server contains bibliographic citations and abstracts to unclassified documents announced in Scientific and technical aerospace reports, plus the document series produced by NASA's predecessor, The National Advisory Committee for Aeronautics, and the NASA open literature file containing citations and abstracts to literature in the fields of aeronautics, space science, chemistry, engineering, geosciences, life sciences, mathematics, computer sciences, and physics.</search_description>
			<url>http://www.sti.nasa.gov/RECONselect.html</url>
			<search_url>http://ntrs.nasa.gov/index.cgi?method=search&amp;limit=25&amp;offset=0&amp;mode=simple&amp;order=DESC&amp;keywords={$formKeywords}</search_url>
			
		</search>
		<search>
			<search_title>GrayLIT Network</search_title>
			<search_description>GrayLIT Network provides a full-text search across the gray literature of multiple government agencies within a science portal of technical reports. It taps into the search engines of distributed gray literature collections, enabling the user to find information without first having to know the sponsoring agency.</search_description>
			<url>http://graylit.osti.gov/</url>
			<search_url>http://graylit.osti.gov/cgi-bin/dexplcgi</search_url>
			<search_post>pp=all&amp;INTERFACE=1WINDOW&amp;FORM=DistributedSearch.html&amp;COLLECTION=dticft&amp;COLLECTION=jpl&amp;COLLECTION=gpoinfo&amp;COLLECTION=langley&amp;MAXDOCS=50&amp;QUERY={$formKeywords}</search_post>			
		</search>
		<search>
			<search_title>KOSMOI</search_title>
			<search_description>KOSMOI includes educational articles, books, posters, &amp; web links for all interested in the wonders of our Cosmos, on Science, Space, Technology, Nature, &amp; Web Design. Updated daily.</search_description>
			<url>http://kosmoi.com/</url>
			<search_url>http://www.google.com/custom?sa=Search&amp;cof=GIMP%3A%23cccccc%3BT%3A%23ffdd99%3BLW%3A468%3BALC%3Ared%3BL%3Ahttp%3A%2F%2Fencyclozine.com%2FPictures%2FBanner%2FEncycloZine2.jpg%3BGFNT%3A%23999999%3BLC%3A%23ffcc33%3BLH%3A60%3BBGC%3Ablack%3BAH%3Acenter%3BVLC%3A%23ffcc66%3BGL%3A2%3BGALT%3A%23ffffff%3BAWFID%3A29728ead1ae72975%3B&amp;domains=EncycloZine.com%3BKosmoi.com%3BEluzions.com&amp;sitesearch=Kosmoi.com&amp;q={$formKeywords}</search_url>
			
		</search>
		<search>
			<search_title>PhilSci Archive</search_title>
			<search_description>PhilSci Archive is an electronic archive for preprints in the philosophy of science.</search_description>
			<url>http://philsci-archive.pitt.edu/</url>
			<search_url>http://philsci-archive.pitt.edu/perl/search?_order=bytitle&amp;abstract%2Fkeywords%2Ftitle_srchtype=ALL&amp;_satisfyall=ALL&amp;_action_search=Search&amp;abstract%2Fkeywords%2Ftitle={$formKeywords}</search_url>
			
		</search>
	</context>
	<context>
		<context_title>Pay-per-view</context_title>
		<context_abbrev>Pay-per-view</context_abbrev>
		<context_description>A pay-per-view service is for those who do not have direct access to electronic journal articles via subscriptions. The service allows customers to gain direct access to an article by paying by credit card using the RSC's secure payment mechanism. Immediately the payment details have been validated, the customer can gain access to the required article file for a period of 30 days.</context_description>

		<search>
			<search_title>Ingenta</search_title>
			<search_description>Ingenta restricts access to full text articles. Although access to the full text costs money, the site can be used as a free index.</search_description>
			<url>http://www.ingenta.com/</url>
			<search_url>http://www.ingenta.com/isis/searching/Search/ingenta?database=1&amp;title={$formKeywords}</search_url>
			
		</search>
		<search>
			<search_title>ebrary</search_title>
			<search_description>Independent researchers who do not have access to ebrary?s databases through their library may now set up an individual account for as little as $5. ebrary Discover spans multiple academic disciplines and provides anytime, anywhere access to over 20,000 authoritative titles including books in full-text, sheet music, reports and other authoritative documents from more than 175 leading publishers such as Cambridge University Press, Random House, Inc., and The McGraw-Hill Companies.</search_description>
			<url>http://www.ebrary.com/corp/content.htm</url>
			<search_url>http://shop.ebrary.com/Top?layout=search&amp;f00=text&amp;p01=&amp;f01=subject&amp;d=journal&amp;l=en&amp;sch=%A0%A0%A0%A0%A0Search%A0%A0%A0%A0%A0&amp;frm=adv.x&amp;p00={$formKeywords}</search_url>
			
		</search>
		<search>
			<search_title>Questia</search_title>
			<search_description>Questia provides access to over 47,000 books and 375,000 journal, magazine, and newspaper articles. All books and articles are available in their entirety - search every page. The subscription rate is ranging from 19.05 per month to 119.95 per year.</search_description>
			<url>http://www.questia.com/</url>
			<search_url>http://www.questia.com/SM.qst?act=search&amp;keywordsSearchType=1000&amp;mediaType=book&amp;mediaType=journal&amp;mediaType=magazine&amp;mediaType=newspaper&amp;mediaType=encyclopedia&amp;mediaType=startpage&amp;keywords={$formKeywords}</search_url>
			
		</search>
		<search>
			<search_title>TheScientificWorld</search_title>
			<search_description>TheScientificWorld offers sciBASE to give free access to a collection of databases of scientific, technical and medical research literature. sciBASE now also features immediate digital delivery of full text articles from over 700 journals produced by participating publishers, and sciBASE is particularly effective for users who do not have library support (non-mediated environments).</search_description>
			<url>http://www.thescientificworld.com/</url>
			<search_url>http://www.thescientificworld.com/SCIENTIFICWORLDJOURNAL/search/SearchResults.asp?From=Main&amp;Terms={$formKeywords}</search_url>
			
		</search>
		<search>
			<search_title>Wiley InterScience Pay-per-view Service</search_title>
			<search_description>Wiley InterScience Pay-per-view affords instant, full-text access to an extensive collection of journal articles or book chapters available on Wiley InterScience without the need for a subscription. This service allows anyone to purchase access to individual journal articles or book chapters directly by using a credit card. Access is instant and available for 24 hours.</search_description>
			<url>http://www3.interscience.wiley.com/aboutus/ppv-articleselect.html</url>
			<search_url>http://www3.interscience.wiley.com/search/allsearch</search_url>
			<search_post>allContentSearchForm=&amp;mode=quicksearch&amp;WISindexid1=WISall&amp;WISsearch1={$formKeywords}</search_post>			
		</search>
	</context>
	<context>
		<context_title>Directories</context_title>
		<context_abbrev>Directories</context_abbrev>
		<context_description>Access to information of research institutions</context_description>

		<search>
			<search_title>Scholarly Societies Project Meeting/Conference Announcement List</search_title>
			<search_description>Scholarly Societies Project Meeting/Conference Announcement List is a searchable service provided by the University of Waterloo.</search_description>
			<url>http://www.scholarly-societies.org/</url>
			<search_url>http://ssp-search.uwaterloo.ca/cd.cfm?search_type=advanced&amp;field1=any&amp;boolean1=and&amp;operator1=and&amp;field2=any&amp;textfield2=&amp;boolean2=and&amp;operator2=and&amp;field3=any&amp;textfield3=&amp;boolean3=and&amp;operator3=and&amp;founded=none&amp;&amp;textfield1={$formKeywords}</search_url>
			
		</search>
	</context>
	<context>
		<context_title>Online forums</context_title>
		<context_abbrev>Online forums</context_abbrev>
		<context_description>Choose online, open-access online forums that would enrich the context of the research studies on your site.</context_description>

		<search>
			<search_title>Ask the Experts</search_title>
			<search_description>Ask the Experts is provided by the Scientific American magazine. Questions and answers are archived and organized.</search_description>
			<url>http://www.sciam.com/askexpert</url>
			<search_url>http://www.google.com/search?q=site%3Asciam.com+%22ask+the+experts%22%2B+</search_url>
			
		</search>
		<search>
			<search_title>EurekAlert!</search_title>
			<search_description>EurekAlert! is an online press service created by the American Association for the Advancement of Science (AAAS). The primary goal of EurekAlert! is to provide a forum where research institutions, universities, government agencies, corporations and the like can distribute science-related news to reporters and news media. The secondary goal of EurekAlert! is to archive these press releases and make them available to the public in an easily retrievable system.</search_description>
			<url>http://www.eurekalert.org/links.php</url>
			<search_url>http://search.eurekalert.org/e3/query.html?col=ev3rel&amp;qc=ev3rel&amp;x=8&amp;y=9&amp;qt={$formKeywords}</search_url>
			
		</search>
		<search>
			<search_title>Mad Science Net: The 24-hour exploding laboratory</search_title>
			<search_description>Mad Science Net: The 24-hour exploding laboratory is a collective cranium of scientists providing answers to your questions.</search_description>
			<url>http://www.madsci.org/</url>
			<search_url>http://www.madsci.org/cgi-bin/search?Submit=Submit+Query&amp;or=AND&amp;words=1&amp;index=MadSci+Archives&amp;MAX_TOTAL=25&amp;area=All+areas&amp;grade=All+grades&amp;query={$formKeywords}</search_url>
			
		</search>
		<search>
			<search_title>JISCmail</search_title>
			<search_description>The National Academic Mailing List Service, known as 'JISCmail', is one of a number of JANET services provided by JANET(UK) (www.ja.net) and funded by the JISC (www.jisc.ac.uk) to benefit 
learning, teaching and research communities. The Science and Technology Facilities Council (www.scitech.ac.uk) currently operates and develops the JISCmail service on behalf of JANET(UK).</search_description>
			<url>http://www.jiscmail.ac.uk/about/index.htm</url>
			<search_url>http://www.jiscmail.ac.uk/../cgi-bin/listsearcher.cgi?opt=listsearcher&amp;listname=&amp;alpha=&amp;category=&amp;chk_phrase=&amp;chk_wds=ON&amp;thecriteria={$formKeywords}</search_url>
			
		</search>
	</context>
	<context>
		<context_title>Teaching files</context_title>
		<context_abbrev>Instructional</context_abbrev>
		<context_description>Immediately initiates a search based on the subject of the article or paper that connects users to free current and archival articles in the field from leading newspapers around the world.</context_description>

		<search>
			<search_title>Research Channel Programs: Stanford Science Online Videos</search_title>
			<search_description>ResearchChannel is a consortium of research universities and corporate research divisions dedicated to broadening the access to and appreciation of our individual and collective activities, ideas, and opportunities in basic and applied research.</search_description>
			<url>http://www.researchchannel.org/program/displayseries.asp?collid=134</url>
			<search_url>http://www.researchchannel.org/search/sitesearch.aspx?RecordsPerPage=5&amp;Order=Rank&amp;keywords=program&amp;Query={$formKeywords}</search_url>
			
		</search>
		<search>
			<search_title>National Science Digital Library</search_title>
			<search_description>The National Science Digital Library (NSDL) was created by the National Science Foundation to provide organized access to high quality resources and tools that support innovations in teaching and learning at all levels of science, technology, engineering, and mathematics education.</search_description>
			<url>http://nsdl.org/about</url>
			<search_url>http://nsdl.org/search/?</search_url>
			<search_post>formview=searchresults&amp;verb=Search&amp;s=0&amp;n=10&amp;boost%5B%5D=compoundTitle&amp;boost%5B%5D=compoundDescription&amp;q={$formKeywords}</search_post>			
		</search>
		<search>
			<search_title>Science Learning Network</search_title>
			<search_description>Science Learning Network is a community of educators, students, schools, science museums, and other institutions demonstrating a new model for inquiry into. Contains a variety of inquiry-posed problems, information, demonstrations, and labs.</search_description>
			<url>http://www.sln.org/</url>
			<search_url>http://192.231.162.154:8080/query.html?col=first&amp;ht=0&amp;qp=&amp;qs=&amp;qc=&amp;pw=600&amp;ws=1&amp;la=&amp;qm=0&amp;st=1&amp;nh=25&amp;lk=1&amp;rf=0&amp;oq=&amp;rq=0&amp;si=0&amp;qt={$formKeywords}</search_url>
			
		</search>
		<search>
			<search_title>Science, Mathematics, Engineering and Technology Education (SMETE)</search_title>
			<search_description>Science, Mathematics, Engineering and Technology Education (SMETE) contains a searchable working prototype of a National Science, Mathematics, Engineering, and Technology Education Digital Library.</search_description>
			<url>http://www.smete.org/</url>
			<search_url>http://www.smete.org/smete/?path=/public/find/search_results.jhtml&amp;_DARGS=/smete/public/find/index_body.jhtml&amp;/smete/forms/FindLearningObjects.operation=search&amp;_D:/smete/forms/FindLearningObjects.operation=%20&amp;_D:/smete/forms/FindLearningObjects.keyword=%20&amp;/smete/forms/FindLearningObjects.learningResourceType=&amp;_D:/smete/forms/FindLearningObjects.learningResourceType=%20&amp;/smete/forms/FindLearningObjects.grade=0-Any&amp;_D:/smete/forms/FindLearningObjects.grade=%20&amp;/smete/forms/FindLearningObjects.title=&amp;_D:/smete/forms/FindLearningObjects.title=%20&amp;/smete/forms/FindLearningObjects.author=&amp;_D:/smete/forms/FindLearningObjects.author=%20&amp;/smete/forms/FindLearningObjects.hostCollection=&amp;_D:/smete/forms/FindLearningObjects.hostCollection=%20&amp;/smete/forms/FindLearningObjects.afterYear=&amp;_D:/smete/forms/FindLearningObjects.afterYear=%20&amp;/smete/forms/FindLearningObjects.beforeYear=&amp;_D:/smete/forms/FindLearningObjects.beforeYear=%20&amp;&amp;/smete/forms/FindLearningObjects.keyword={$formKeywords}</search_url>
			
		</search>
	</context>
	<context>
		<context_title>Multimedia</context_title>
		<context_abbrev>Multimedia</context_abbrev>
		<context_description>Multimedia content</context_description>

		<search>
			<search_title>The Open Video Project</search_title>
			<search_description>The Open Video project is a collection of public domain digital video available for research and other purposes.  The purpose of the Open Video Project is to collect and make available a repository of digitized video content for the digital video, multimedia retrieval, digital library, and other research communities.</search_description>
			<url>http://www.open-video.org/index.php</url>
			<search_url>http://www.open-video.org/results.php?search_field=all&amp;terms={$formKeywords}</search_url>
			
		</search>
	</context>
	<context>
		<context_title>Government policy</context_title>
		<context_abbrev>Gov Policy</context_abbrev>
		<context_description>Access to Information and services gateway run by the Government of the United States and Canada.</context_description>

		<search>
			<search_title>Access to Australian Government Information and Services</search_title>
			<search_description>The Australian Government Entry Point offers comprehensive and integrated access to Australian Government information and services.  You will find a concentrated body of Australian Government information through this site. &lt;a href=&quot;http://www.australia.gov.au&quot;&gt;www.australia.gov.au&lt;/a&gt; currently signposts over 700 Australian Government web sites, indexes more than 5,000,000 pages and uses both metadata and full text indexing to ensure it is a comprehensive government portal.</search_description>
			<url>http://www.fed.gov.au</url>
			<search_url>http://govsearch.australia.gov.au/search/search.cgi?collection=gov&amp;form=au&amp;query=&amp;query_phrase=&amp;query_or=&amp;query_not=&amp;meta_f_sand=&amp;scope=&amp;fscope=512&amp;num_ranks=20&amp;chksummary=chksummary&amp;query_and={$formKeywords}</search_url>
			
		</search>
		<search>
			<search_title>The Government of Canada</search_title>
			<search_description>You can search across all government departments federal departments and agencies as well as provincial, territorial and municipal governments. There is a Departments and Agencies link, and the A to Z Index offers a keyword search to programmes and services. 

A recent development on Departmental sites is the inclusion of a &quot;Proactive Disclosure&quot; page, which outlines travel and hospitality expenses, disclosure of contracts, grants and awards. 

The About Canada page includes links to Departments and Agencies, Structure of the Canadian Government, Commissions of Inquiry and more. 

In addition to Department web sites, the government has been creating Portals which bring together information from across federal and provincial sources, and non-governmental organizations as well.</search_description>
			<url>http://www.canada.gc.ca/main_e.html</url>
			<search_url>http://search-recherche.gc.ca/cgi-bin/query?mss=canada%2Fen%2Fsimple&amp;pg=q&amp;enc=iso88591&amp;site=main&amp;bridge=&amp;stt=&amp;lowercaseq=&amp;what=web&amp;user=searchintranet&amp;browser=N6E&amp;kl=XX&amp;op=a&amp;q={$formKeywords}</search_url>
			
		</search>
		<search>
			<search_title>Directgov</search_title>
			<search_description>Directgov is a government service giving people access to the latest and widest range of public service information in one place on the Web and on Digital TV. Directgov uses the specifications formulated and consulted on through UK GovTalk.</search_description>
			<url>http://www.direct.gov.uk</url>
			<search_url>http://www.direct.gov.uk/AdvancedSearch/SearchResults/fs/en?NP=1&amp;PO1=C&amp;PI1=W&amp;PF1=A&amp;PG=1&amp;RP=20&amp;SC=__dgov_site&amp;Z=1&amp;PT1={$formKeywords}</search_url>
			
		</search>
		<search>
			<search_title>Info4local.gov.uk</search_title>
			<search_description>Information for local government from central government.  This site gives local authorities a quick and easy way to find relevant information on the web sites of central government departments, agencies and public bodies. It includes extensive information on implementing electronic government.</search_description>
			<url>http://www.info4local.gov.uk</url>
			<search_url>http://www.info4local.gov.uk/?view=Search+results&amp;subjects=all&amp;departmentsIds=0&amp;informationTypesIds=all&amp;query={$formKeywords}</search_url>
			
		</search>
		<search>
			<search_title>The New Zealand government portal</search_title>
			<search_description>The New Zealand government portal is a website providing search capability for, and links into the online and offline information and services of most government agencies.  This site is managed and maintained by the State Services Commission, a New Zealand government department.</search_description>
			<url>http://www.govt.nz</url>
			<search_url>http://www.govt.nz/search?type=spider&amp;t=spider&amp;q={$formKeywords}</search_url>
			
		</search>
		<search>
			<search_title>Europa</search_title>
			<search_description>Current information on the member countries of the European Union, including statistical data, policies, news, official documents, legal texts, and other publications.</search_description>
			<url>http://europa.eu.int/index_en.htm</url>
			<search_url>http://europa.eu.int/geninfo/query/resultaction.jsp?page=1</search_url>
			<search_post>Collection=EuropaFull&amp;ResultTemplate=/result_en.jsp&amp;ResultCount=25&amp;qtype=simple&amp;ResultMaxDocs=200&amp;DefaultLG=en&amp;QueryText={$formKeywords}</search_post>			
		</search>
		<search>
			<search_title>The Global Legal Information Network (GLIN)</search_title>
			<search_description>The Global Legal Information Network (GLIN) is a database of laws, regulations, judicial decisions, and other complementary legal sources contributed by governmental agencies and international organizations. These GLIN members contribute the official full texts of published documents to the database in their original language. Each document is accompanied by a summary in English and subject terms selected from the multilingual index to GLIN.</search_description>
			<url>http://www.glin.gov</url>
			<search_url>http://www.glin.gov/search.do?refineQuery=&amp;offset=0&amp;refineQueryType=&amp;fromSearch=true&amp;queryType=ALL&amp;searchBtn=Search&amp;includeAllFields=on&amp;searchAll=on&amp;sumLanguage=any&amp;pubLanguage=any&amp;pubJurisdiction=any&amp;publicationJurisdictionExclude=false&amp;searchPublicationDate=true&amp;dateFromDay=01&amp;dateFromMonth=01&amp;dateFromYear=&amp;dateToDay=01&amp;dateToMonth=01&amp;dateToYear=&amp;subjTerm=&amp;subjTermConjunction%5B0%5D=AND&amp;subjTerm=&amp;subjTermConjunction%5B1%5D=AND&amp;subjTerm=&amp;subjTermConjunction%5B2%5D=AND&amp;subjTerm=&amp;subjTermConjunction%5B3%5D=AND&amp;subjTerm=&amp;searchOrder=default&amp;hitsPerPage=10&amp;showSummary=on&amp;queryString={$formKeywords}</search_url>
			
		</search>
		<search>
			<search_title>FirstGov</search_title>
			<search_description>FirstGov (U.S. federal and state) is a public-private partnership, led by a cross-agency board.</search_description>
			<url>http://www.firstgov.gov/</url>
			<search_url>http://www.firstgov.gov/fgsearch/index.jsp?db=www&amp;st=AS&amp;ms0=should&amp;mt0=all&amp;rn=2&amp;parsed=true&amp;x=2&amp;y=8&amp;mw0={$formKeywords}</search_url>
			
		</search>
		<search>
			<search_title>Canada Sites</search_title>
			<search_description>Canada Sites provides an information and services gateway run by the Government of Canada and each of the provinces.</search_description>
			<url>http://www.canada.gc.ca/main_e.html</url>
			<search_url>http://search-recherche.gc.ca/cgi-bin/query?mss=canada%2Fen%2Fsimple.html&amp;enc=iso88591&amp;pg=q&amp;kl=en&amp;site=main&amp;q={$formKeywords}</search_url>
			
		</search>
	</context>
	<context>
		<context_title>Media reports</context_title>
		<context_abbrev>Media reports</context_abbrev>
		<context_description>Immediately initiates a search based on the subject of the article or paper that connects users to free current and archival articles in the field from leading newspapers around the world.</context_description>

		<search>
			<search_title>Google News</search_title>
			<search_description>Search news reports using the popular search engine Google's news feature.</search_description>
			<url>http://news.google.com/</url>
			<search_url>http://news.google.com/news?hl=en&amp;q={$formKeywords}</search_url>
			
		</search>
		<search>
			<search_title>Daily Science News from NewScientist</search_title>
			<search_description>Daily Science News from NewScientist provides science news updated throughout the day.</search_description>
			<url>http://www.newscientist.com/news/</url>
			<search_url>http://www.newscientist.com/search.ns?doSearch=true&amp;query={$formKeywords}</search_url>
			
		</search>
		<search>
			<search_title>Nature Science Update</search_title>
			<search_description>Nature Science Update provides daily news stories written by the editors of the Nature Journal.</search_description>
			<url>http://www.nature.com/nsu/</url>
			<search_url>http://search.nature.com/search/?sp-x-9=cat&amp;sp-q-9=NEWS&amp;submit=go&amp;sp-a=sp1001702d&amp;sp-sfvl-field=subject%7Cujournal&amp;sp-t=results&amp;sp-x-1=ujournal&amp;sp-p-1=phrase&amp;sp-p=all&amp;sp-q={$formKeywords}</search_url>
			
		</search>
		<search>
			<search_title>Science News Online</search_title>
			<search_description>Science News Online is one of the most useful science news magazines available online. The 75 year old weekly is putting a generous number of full-text articles on the Web each week, adding to a collection of articles archived from 1994 to the present.</search_description>
			<url>http://www.sciencenews.org/</url>
			<search_url>http://www.sciencenews.org/pages/search_results.asp?search={$formKeywords}</search_url>
			
		</search>
		<search>
			<search_title>Newsdirectory</search_title>
			<search_description>Newsdirectory is a comprehensive and searchable guide to the world's English-language online media. Currently over 8,000 newspapers and magazines are listed, as well as more than 1,000 U.S. television broadcasters.</search_description>
			<url>http://www.newsdirectory.com/</url>
			<search_url>http://www.newsdirectory.com/hbSearch.php</search_url>
			<search_post>s={$formKeywords}&amp; submit=Go</search_post>
		</search>
		<search>
			<search_title>BBC Online: Science &amp; Nature</search_title>
			<search_description>The BBC online science and nature services which contain a wealth of information, resources and current news divided into clearly defined categories.  These categories include the human body, genes, prehistoric life, space and animals. A Hot Topics section explores the science behind the latest news.</search_description>
			<url>http://www.bbc.co.uk/sn/</url>
			<search_url>http://www.bbc.co.uk/cgi-bin/search/results.pl?uri=%2Fsn%2F&amp;q={$formKeywords}</search_url>
			
		</search>
		<search>
			<search_title>Energy Science News</search_title>
			<search_description>Published by the Office of Science, U.S. Department of Energy.  The purpose of this newsletter is to inform scientists, engineers, educators, students, and the public about the progress of scientific research supported by the Office of Science.</search_description>
			<url>http://www.eurekalert.org/doe/</url>
			<search_url>http://search.eurekalert.org/e3/query.html?col=ev3rel+ev3feat&amp;ht=0&amp;qp=%2Binstitution%3ADOE+OR+%2Bfunder%3A%22US+Department+of+Energy%22&amp;qs=&amp;qc=ev3rel+ev3feat&amp;pw=%25&amp;ws=0&amp;la=&amp;si=1&amp;fs=&amp;ex=&amp;rq=0&amp;oq=&amp;qm=0&amp;ql=&amp;st=1&amp;nh=10&amp;lk=1&amp;rf=1&amp;qt={$formKeywords}</search_url>
			
		</search>
		<search>
			<search_title>ScienceDaily</search_title>
			<search_description>Latest research news.</search_description>
			<url>http://www.sciencedaily.com/index.htm</url>
			<search_url>http://www.sciencedaily.com/search/?topic=all&amp;dates=1995&amp;dates=2005&amp;sort=relevance&amp;keyword={$formKeywords}</search_url>
			
		</search>
	</context>
	<context>
		<context_title>Web search</context_title>
		<context_abbrev>Web search</context_abbrev>
		<context_description>Enter a search term for Internet resources through various search engines.</context_description>

		<search>
			<search_title>Google</search_title>
			<search_description>Search using the popular Google search engine.</search_description>
			<url>http://www.google.com/</url>
			<search_url>http://www.google.com/search?q={$formKeywords}</search_url>
			
		</search>
		<search>
			<search_title>Google Scholar</search_title>
			<search_description>Google Scholar enables specific searches of scholarly literature, including peer-reviewed papers, theses, books, pre-prints, abstracts, and technical reports. Content includes a range of publishers and aggregators with whom Google already has standing arrangements, e.g., the Association for Computing Machinery, IEEE, OCLC's Open WorldCat library locator service, etc. Result displays will show different version clusters, citation analysis, and library location (currently books only).</search_description>
			<url>http://scholar.google.com</url>
			<search_url>http://scholar.google.com/scholar?ie=UTF-8&amp;oe=UTF-8&amp;hl=en&amp;q={$formKeywords}</search_url>
			
		</search>
		<search>
			<search_title>Clusty the Clustering Engine</search_title>
			<search_description>This search tool from Vivismo offers clustered results for a selection of searches.  Metasearch the whole web, or use tabs to search for news, gossip, images, orproducts via Bizrate or eBay.</search_description>
			<url>http://clusty.com/about</url>
			<search_url>http://clusty.com/search?query={$formKeywords}</search_url>
			
		</search>
		<search>
			<search_title>Vivisimo</search_title>
			<search_description>The award-winning Vivisimo clustering technology, developed by Carnegie Mellon research scientists, is unlocking the value of stored information at Fortune 500 companies, top websites, prestigious publishers and government agencies by categorizing research results on the fly into meaningful orders, thus achieving breakthrough improvement in access to relevant information.</search_description>
			<url>http://vivisimo.com</url>
			<search_url>http://vivisimo.com/search?tb=homepage&amp;v%3Asources=Web&amp;query={$formKeywords}</search_url>
			
		</search>
	</context>
</version>
