<?xml version="1.0" encoding="UTF-8"?>
<!DOCTYPE topic SYSTEM "../../../../lib/pkp/dtd/helpTopic.dtd">

<!--
  * 000001.xml
  *
  * Copyright (c) 2005-2012 Alec Smecher and John Willinsky
  * Distributed under the GNU GPL v2. For full terms see the file docs/COPYING.
  *
  * Site Settings Help Page 
  *
  * $Id$
  -->

<topic id="admin/topic/000001" locale="en_US" title="Site Settings" toc="admin/toc/000000" key="admin.siteSettings">
	<section>
		<![CDATA[<p>On the Site Settings page, the Administrator enters basic information about the site including its description and contact information. Site Settings are split into two sections:</p>]]>
	</section>
	<section title="General">
		<![CDATA[<ul>
		<li><strong>Site Title</strong>: This is the primary title of the Open Harvester Systems installation.</li>
		<li><strong>Introduction</strong>: This message is displayed on the Open Harvester Systems home page. Unfiltered HTML tags may be used.</li>
		<li><strong>About the Site description</strong>: This message is displayed under the "About" page.</li>
		<li><strong>Custom Logo</strong>: A custom logo can be uploaded to override the default Open Harvester Systems logo here.</li>
		<li><strong>Minimum Password Length</strong>: this sets the smallest acceptable password length for all users on the system.</li>
		<li><strong>Theme</strong>: This allows the Site Administrator to choose from among the themes that have been uploaded to the site. Themes are handled as plugins, and can be administered from the Plugins page. </li>
		<li><strong>Style sheet</strong>: The Site Administrator can upload a custom style sheet to replace the default styles/common.css style sheet.</li>
	</ul>]]>
	</section>
	<section title="Administration">
		<![CDATA[<ul>
		<li><strong>Name of principal contact</strong>: This name will appear as the contact person for the installation.</li>
		<li><strong>Email of principal contact</strong>: This email address will appear as the contact person for the installation.</li>
		<li><strong>Options</strong>: These are access options. The Site Administrator can choose to allow users to be able to register themselves as Archive Managers or not; and can subsequently mandate whether non-Administrator Archive Managers can enable registered archives.</li>
		</ul>]]>
	</section>
</topic>
