<?xml version="1.0" encoding="UTF-8"?>
<!DOCTYPE help SYSTEM "../lib/pkp/dtd/help.dtd">

<!--
  * help.xml
  *
  * Copyright (c) 2005-2012 Alec Smecher and John Willinsky
  * Distributed under the GNU GPL v2. For full terms see the file docs/COPYING.
  *
  * Help Page Numerical Mappings for help section.
  *
  * $Id$
  -->
<help>
	<!-- Index -->
	<topic key="index.index" id="index/topic/000000"/>
	<topic key="index.search" id="index/topic/000001"/>
	<topic key="index.browse" id="index/topic/000002"/>
	
	<!-- User -->
	<topic key="user.userHome" id="user/topic/000000"/>

	<!-- Administration -->
	<topic key="admin.index" id="admin/topic/000000"/>
	<topic key="admin.siteSettings" id="admin/topic/000001"/>
	<topic key="admin.languages" id="admin/topic/000002"/>

	<topic key="admin.systemConfiguration" id="admin/topic/000003"/>
	<topic key="admin.systemInformation" id="admin/topic/000004"/>
	<topic key="admin.layout" id="admin/topic/000010"/>
	<topic key="admin.plugins" id="admin/topic/000011"/>
	<topic key="admin.rtAdmin" id="admin/topic/000012"/>
	<topic key="admin.sortOrders" id="admin/topic/000013"/>
	<topic key="admin.users" id="admin/topic/000014"/>
	
	
	<!-- Management -->
	<topic key="management.archives" id="management/topic/000000"/>
	<topic key="management.addArchive" id="management/topic/000001"/>
	<topic key="management.manageArchive" id="management/topic/000002"/>
</help>
