<?xml version="1.0" encoding="UTF-8"?>
<!DOCTYPE topic SYSTEM "../../../../lib/pkp/dtd/helpTopic.dtd">

<!--
  * 000001.xml
  *
  * Copyright (c) 2005-2012 Alec Smecher and John Willinsky
  * Distributed under the GNU GPL v2. For full terms see the file docs/COPYING.
  *
  * Search Help Page 
  *
  -->

<topic id="index/topic/000001" locale="ar_IQ" title="Searching" toc="index/toc/000000" key="index.search">
	<section>
		<![CDATA[<p>البحث عن المحتوى المحفوظ في نظام Harvester يعتمد على نوعية إضافة البحث المستعملة من قبل النظام، ولكن بشكل عام، منحى البحث وخياراته هي ذاتها ما بين تلك الأنواع. هناك خياران للبحث:</p>
		<ul>
			<li>بحث أساسي في كل المواد المفهرسة التي في متناول إضافة البحث، المتوافرة على الشريط الجانبي (للبحث، كل ما عليك القيام به هو إدخال عبارة البحث في الحقل ومن ثم الضغط على زر البحث);</li>
			<li>يتوفر نمط بحث أكثر شمولية عبر أعلى شريط التنقل. النقر عليه سيأذ المستخدم إلى صفحة البحث المتقدم، حيث تقدم له حقول متعددة. هذه الحقول تدار من قبل المشرف على الموقع، وقد تتباين قليلاً تبعاً لإضافة البحث المستعملة وكيفية تهيئتها.</li>
			</ul>
			<p>شروحات المساعدة ذات الصلة بإضافة البحث المستعملة تتوافر في صفحة البحث المتقدم عند شريط التنقل في أعلى الصفحة. </p>]]>
	</section>
</topic>
